Rank,NOC,Gold,Silver,Bronze,Total,Year,Total Score,Is Host,Yearly Total Score,Score_Rate
1,United States,11,7,2,20,1896,49,0,251,0.1952191235059761
2,Greece,10,18,19,47,1896,85,1,251,0.3386454183266932
3,Germany,6,5,2,13,1896,30,0,251,0.11952191235059761
4,France,5,4,2,11,1896,25,0,251,0.099601593625498
5,Great Britain,2,3,2,7,1896,14,0,251,0.055776892430278883
6,Hungary,2,1,3,6,1896,11,0,251,0.043824701195219126
7,Austria,2,1,2,5,1896,10,0,251,0.0398406374501992
8,Australia,2,0,0,2,1896,6,0,251,0.02390438247011952
9,Denmark,1,2,3,6,1896,10,0,251,0.0398406374501992
10,Switzerland,1,2,0,3,1896,7,0,251,0.027888446215139442
11,Mixed team,1,0,1,2,1896,4,0,251,0.01593625498007968
1,France,27,39,37,103,1900,196,1,571,0.3432574430823117
2,United States,19,14,15,48,1900,100,0,571,0.17513134851138354
3,Great Britain,15,7,9,31,1900,68,0,571,0.1190893169877408
4,Mixed team,8,5,6,19,1900,40,0,571,0.07005253940455342
5,Belgium,6,7,4,17,1900,36,0,571,0.06304728546409807
6,Switzerland,6,2,1,9,1900,23,0,571,0.040280210157618214
7,Germany,4,3,2,9,1900,20,0,571,0.03502626970227671
8,Italy,3,2,0,5,1900,13,0,571,0.02276707530647986
9,Australia,2,0,3,5,1900,9,0,571,0.01576182136602452
10,Denmark,1,3,2,6,1900,11,0,571,0.01926444833625219
11,Hungary,1,2,2,5,1900,9,0,571,0.01576182136602452
12,Cuba,1,1,0,2,1900,5,0,571,0.008756567425569177
13,Canada,1,0,1,2,1900,4,0,571,0.0070052539404553416
14,Spain,1,0,0,1,1900,3,0,571,0.005253940455341506
14,Luxembourg,1,0,0,1,1900,3,0,571,0.005253940455341506
16,Austria,0,3,3,6,1900,9,0,571,0.01576182136602452
17,Norway,0,2,3,5,1900,7,0,571,0.012259194395796848
17,Netherlands,0,2,3,5,1900,7,0,571,0.012259194395796848
19,India,0,2,0,2,1900,4,0,571,0.0070052539404553416
20,Bohemia,0,1,1,2,1900,3,0,571,0.005253940455341506
21,Sweden,0,0,1,1,1900,1,0,571,0.0017513134851138354
1,United States,76,78,77,231,1904,461,1,566,0.8144876325088339
2,Germany,4,5,6,15,1904,28,0,566,0.04946996466431095
3,Canada,4,1,1,6,1904,15,0,566,0.026501766784452298
4,Cuba,3,0,0,3,1904,9,0,566,0.015901060070671377
5,Hungary,2,1,1,4,1904,9,0,566,0.015901060070671377
5,Mixed team,2,1,1,4,1904,9,0,566,0.015901060070671377
7,Norway,2,0,0,2,1904,6,0,566,0.01060070671378092
8,Austria,1,1,1,3,1904,6,0,566,0.01060070671378092
9,Great Britain,1,1,0,2,1904,5,0,566,0.0088339222614841
10,Switzerland,1,0,2,3,1904,5,0,566,0.0088339222614841
11,Greece,1,0,1,2,1904,4,0,566,0.007067137809187279
12,Australia,0,3,1,4,1904,7,0,566,0.012367491166077738
13,France,0,1,0,1,1904,2,0,566,0.0035335689045936395
1,Great Britain,56,51,39,146,1908,309,1,651,0.47465437788018433
2,United States,23,12,12,47,1908,105,0,651,0.16129032258064516
3,Sweden,8,6,11,25,1908,47,0,651,0.07219662058371736
4,France,5,5,9,19,1908,34,0,651,0.05222734254992319
5,Germany,3,5,5,13,1908,24,0,651,0.03686635944700461
6,Hungary,3,4,2,9,1908,19,0,651,0.029185867895545316
7,Canada,3,3,10,16,1908,25,0,651,0.03840245775729647
8,Norway,2,3,3,8,1908,15,0,651,0.02304147465437788
9,Italy,2,2,0,4,1908,10,0,651,0.015360983102918587
10,Belgium,1,5,2,8,1908,15,0,651,0.02304147465437788
11,Australasia,1,2,2,5,1908,9,0,651,0.013824884792626729
12,Russian Empire,1,2,0,3,1908,7,0,651,0.010752688172043012
13,Finland,1,1,3,5,1908,8,0,651,0.01228878648233487
14,South Africa,1,1,0,2,1908,5,0,651,0.007680491551459293
15,Greece,0,3,1,4,1908,7,0,651,0.010752688172043012
16,Denmark,0,2,3,5,1908,7,0,651,0.010752688172043012
17,Bohemia,0,0,2,2,1908,2,0,651,0.0030721966205837174
17,Netherlands,0,0,2,2,1908,2,0,651,0.0030721966205837174
19,Austria,0,0,1,1,1908,1,0,651,0.0015360983102918587
1,United States,26,19,19,64,1912,135,0,622,0.2170418006430868
2,Sweden,23,25,17,65,1912,136,1,622,0.21864951768488747
3,Great Britain,10,15,16,41,1912,76,0,622,0.12218649517684887
4,Finland,9,8,9,26,1912,52,0,622,0.08360128617363344
5,France,7,4,3,14,1912,32,0,622,0.05144694533762058
6,Germany,5,13,7,25,1912,48,0,622,0.07717041800643087
7,South Africa,4,2,0,6,1912,16,0,622,0.02572347266881029
8,Norway,3,2,5,10,1912,18,0,622,0.028938906752411574
9,Canada,3,2,3,8,1912,16,0,622,0.02572347266881029
9,Hungary,3,2,3,8,1912,16,0,622,0.02572347266881029
11,Italy,3,1,2,6,1912,13,0,622,0.02090032154340836
12,Australasia,2,2,3,7,1912,13,0,622,0.02090032154340836
13,Belgium,2,1,3,6,1912,11,0,622,0.017684887459807074
14,Denmark,1,6,5,12,1912,20,0,622,0.03215434083601286
15,Greece,1,0,1,2,1912,4,0,622,0.006430868167202572
16,Russian Empire,0,2,3,5,1912,7,0,622,0.011254019292604502
17,Austria,0,2,2,4,1912,6,0,622,0.00964630225080386
18,Netherlands,0,0,3,3,1912,3,0,622,0.00482315112540193
1,United States,41,27,27,95,1920,204,0,895,0.22793296089385476
2,Sweden,19,20,25,64,1920,122,0,895,0.13631284916201117
3,Finland,15,10,9,34,1920,74,0,895,0.08268156424581005
4,Great Britain,14,15,13,42,1920,85,0,895,0.09497206703910614
5,Belgium,14,11,11,36,1920,75,1,895,0.08379888268156424
6,Norway,13,9,9,31,1920,66,0,895,0.07374301675977654
7,Italy,13,5,5,23,1920,54,0,895,0.060335195530726256
8,France,9,19,13,41,1920,78,0,895,0.08715083798882682
9,Netherlands,4,2,5,11,1920,21,0,895,0.02346368715083799
10,Denmark,3,9,1,13,1920,28,0,895,0.03128491620111732
11,South Africa,3,4,3,10,1920,20,0,895,0.0223463687150838
12,Canada,3,3,3,9,1920,18,0,895,0.02011173184357542
13,Switzerland,2,2,7,11,1920,17,0,895,0.01899441340782123
14,Estonia,1,2,0,3,1920,7,0,895,0.00782122905027933
15,Brazil,1,1,1,3,1920,6,0,895,0.0067039106145251395
16,Australia,0,2,1,3,1920,5,0,895,0.00558659217877095
17,Japan,0,2,0,2,1920,4,0,895,0.004469273743016759
17,Spain,0,2,0,2,1920,4,0,895,0.004469273743016759
19,Greece,0,1,0,1,1920,2,0,895,0.0022346368715083797
19,Luxembourg,0,1,0,1,1920,2,0,895,0.0022346368715083797
21,Czechoslovakia,0,0,2,2,1920,2,0,895,0.0022346368715083797
22,New Zealand,0,0,1,1,1920,1,0,895,0.0011173184357541898
1,United States,45,27,27,99,1924,216,0,757,0.285336856010568
2,Finland,14,13,10,37,1924,78,0,757,0.10303830911492734
3,France,13,15,10,38,1924,79,1,757,0.10435931307793923
4,Great Britain,9,13,12,34,1924,65,0,757,0.08586525759577279
5,Italy,8,3,5,16,1924,35,0,757,0.046235138705416116
6,Switzerland,7,8,10,25,1924,47,0,757,0.062087186261558784
7,Norway,5,2,3,10,1924,22,0,757,0.02906208718626156
8,Sweden,4,13,12,29,1924,50,0,757,0.06605019815059446
9,Netherlands,4,1,5,10,1924,19,0,757,0.02509907529722589
10,Belgium,3,7,3,13,1924,26,0,757,0.034346103038309116
11,Australia,3,1,2,6,1924,13,0,757,0.017173051519154558
12,Denmark,2,5,2,9,1924,18,0,757,0.023778071334214
13,Hungary,2,3,4,9,1924,16,0,757,0.021136063408190225
14,Yugoslavia,2,0,0,2,1924,6,0,757,0.007926023778071334
15,Czechoslovakia,1,4,5,10,1924,16,0,757,0.021136063408190225
16,Argentina,1,3,2,6,1924,11,0,757,0.01453104359313078
17,Estonia,1,1,4,6,1924,9,0,757,0.011889035667107
18,South Africa,1,1,1,3,1924,6,0,757,0.007926023778071334
19,Uruguay,1,0,0,1,1924,3,0,757,0.003963011889035667
20,Austria,0,3,1,4,1924,7,0,757,0.009247027741083224
20,Canada,0,3,1,4,1924,7,0,757,0.009247027741083224
22,Poland,0,1,1,2,1924,3,0,757,0.003963011889035667
23,Haiti,0,0,1,1,1924,1,0,757,0.001321003963011889
23,Japan,0,0,1,1,1924,1,0,757,0.001321003963011889
23,New Zealand,0,0,1,1,1924,1,0,757,0.001321003963011889
23,Portugal,0,0,1,1,1924,1,0,757,0.001321003963011889
23,Romania,0,0,1,1,1924,1,0,757,0.001321003963011889
1,United States,22,18,16,56,1928,118,0,655,0.1801526717557252
2,Germany,10,7,14,31,1928,58,0,655,0.08854961832061069
3,Finland,8,8,9,25,1928,49,0,655,0.07480916030534351
4,Sweden,7,6,12,25,1928,45,0,655,0.06870229007633588
5,Italy,7,5,7,19,1928,38,0,655,0.05801526717557252
6,Switzerland,7,4,4,15,1928,33,0,655,0.050381679389312976
7,France,6,10,5,21,1928,43,0,655,0.06564885496183206
8,Netherlands,6,9,4,19,1928,40,1,655,0.061068702290076333
9,Hungary,4,5,0,9,1928,22,0,655,0.03358778625954199
10,Canada,4,4,7,15,1928,27,0,655,0.04122137404580153
11,Great Britain,3,10,7,20,1928,36,0,655,0.0549618320610687
12,Argentina,3,3,1,7,1928,16,0,655,0.024427480916030534
13,Denmark,3,1,2,6,1928,13,0,655,0.01984732824427481
14,Czechoslovakia,2,5,2,9,1928,18,0,655,0.02748091603053435
15,Japan,2,2,1,5,1928,11,0,655,0.016793893129770993
16,Estonia,2,1,2,5,1928,10,0,655,0.015267175572519083
17,Egypt,2,1,1,4,1928,9,0,655,0.013740458015267175
18,Austria,2,0,1,3,1928,7,0,655,0.010687022900763359
19,Australia,1,2,1,4,1928,8,0,655,0.012213740458015267
19,Norway,1,2,1,4,1928,8,0,655,0.012213740458015267
21,Poland,1,1,3,5,1928,8,0,655,0.012213740458015267
21,Yugoslavia,1,1,3,5,1928,8,0,655,0.012213740458015267
23,South Africa,1,0,2,3,1928,5,0,655,0.007633587786259542
24,India,1,0,0,1,1928,3,0,655,0.004580152671755725
24,Ireland,1,0,0,1,1928,3,0,655,0.004580152671755725
24,New Zealand,1,0,0,1,1928,3,0,655,0.004580152671755725
24,Spain,1,0,0,1,1928,3,0,655,0.004580152671755725
24,Uruguay,1,0,0,1,1928,3,0,655,0.004580152671755725
29,Belgium,0,1,2,3,1928,4,0,655,0.0061068702290076335
30,Chile,0,1,0,1,1928,2,0,655,0.0030534351145038168
30,Haiti,0,1,0,1,1928,2,0,655,0.0030534351145038168
32,Philippines,0,0,1,1,1928,1,0,655,0.0015267175572519084
32,Portugal,0,0,1,1,1928,1,0,655,0.0015267175572519084
1,United States,44,36,30,110,1932,234,1,745,0.31409395973154364
2,Italy,12,12,12,36,1932,72,0,745,0.09664429530201342
3,France,11,5,4,20,1932,47,0,745,0.06308724832214765
4,Sweden,10,5,9,24,1932,49,0,745,0.06577181208053691
5,Japan,7,7,4,18,1932,39,0,745,0.052348993288590606
6,Hungary,6,5,5,16,1932,33,0,745,0.04429530201342282
7,Germany,5,12,7,24,1932,46,0,745,0.06174496644295302
8,Finland,5,8,12,25,1932,43,0,745,0.05771812080536913
9,Great Britain,5,7,5,17,1932,34,0,745,0.04563758389261745
10,Poland,3,2,4,9,1932,17,0,745,0.022818791946308724
11,Australia,3,1,1,5,1932,12,0,745,0.016107382550335572
12,Argentina,3,1,0,4,1932,11,0,745,0.01476510067114094
13,Canada,2,5,9,16,1932,25,0,745,0.03355704697986577
14,Netherlands,2,5,1,8,1932,17,0,745,0.022818791946308724
15,South Africa,2,0,3,5,1932,9,0,745,0.012080536912751677
16,Ireland,2,0,0,2,1932,6,0,745,0.008053691275167786
17,Czechoslovakia,1,3,2,6,1932,11,0,745,0.01476510067114094
18,Austria,1,1,3,5,1932,8,0,745,0.010738255033557046
19,India,1,0,0,1,1932,3,0,745,0.004026845637583893
20,Denmark,0,5,3,8,1932,13,0,745,0.0174496644295302
21,Mexico,0,2,0,2,1932,4,0,745,0.005369127516778523
22,Latvia,0,1,0,1,1932,2,0,745,0.0026845637583892616
22,New Zealand,0,1,0,1,1932,2,0,745,0.0026845637583892616
22,Switzerland,0,1,0,1,1932,2,0,745,0.0026845637583892616
25,Philippines,0,0,3,3,1932,3,0,745,0.004026845637583893
26,Belgium,0,0,1,1,1932,1,0,745,0.0013422818791946308
26,Spain,0,0,1,1,1932,1,0,745,0.0013422818791946308
26,Uruguay,0,0,1,1,1932,1,0,745,0.0013422818791946308
1,Germany,38,31,32,101,1936,208,1,844,0.24644549763033174
2,United States,24,21,12,57,1936,126,0,844,0.14928909952606634
3,Hungary,10,1,5,16,1936,37,0,844,0.04383886255924171
4,Italy,9,13,5,27,1936,58,0,844,0.06872037914691943
5,Finland,8,6,6,20,1936,42,0,844,0.04976303317535545
6,France,7,6,6,19,1936,39,0,844,0.0462085308056872
7,Sweden,6,5,10,21,1936,38,0,844,0.045023696682464455
8,Japan,6,4,10,20,1936,36,0,844,0.04265402843601896
9,Netherlands,6,4,7,17,1936,33,0,844,0.03909952606635071
10,Austria,5,7,5,17,1936,34,0,844,0.04028436018957346
11,Switzerland,4,9,5,18,1936,35,0,844,0.041469194312796206
12,Great Britain,4,7,3,14,1936,29,0,844,0.034360189573459717
13,Czechoslovakia,3,5,1,9,1936,20,0,844,0.023696682464454975
14,Argentina,2,2,3,7,1936,13,0,844,0.015402843601895734
14,Estonia,2,2,3,7,1936,13,0,844,0.015402843601895734
16,Egypt,2,1,2,5,1936,10,0,844,0.011848341232227487
17,Canada,1,3,5,9,1936,14,0,844,0.016587677725118485
18,Norway,1,3,2,6,1936,11,0,844,0.013033175355450236
19,Turkey,1,0,1,2,1936,4,0,844,0.004739336492890996
20,India,1,0,0,1,1936,3,0,844,0.0035545023696682463
20,New Zealand,1,0,0,1,1936,3,0,844,0.0035545023696682463
22,Poland,0,4,5,9,1936,13,0,844,0.015402843601895734
23,Denmark,0,2,3,5,1936,7,0,844,0.008293838862559242
24,Latvia,0,1,1,2,1936,3,0,844,0.0035545023696682463
25,Romania,0,1,0,1,1936,2,0,844,0.002369668246445498
25,South Africa,0,1,0,1,1936,2,0,844,0.002369668246445498
25,Yugoslavia,0,1,0,1,1936,2,0,844,0.002369668246445498
28,Belgium,0,0,3,3,1936,3,0,844,0.0035545023696682463
28,Mexico,0,0,3,3,1936,3,0,844,0.0035545023696682463
30,Australia,0,0,1,1,1936,1,0,844,0.001184834123222749
30,Philippines,0,0,1,1,1936,1,0,844,0.001184834123222749
30,Portugal,0,0,1,1,1936,1,0,844,0.001184834123222749
1,United States,38,27,19,84,1948,187,0,822,0.22749391727493917
2,Sweden,16,11,17,44,1948,87,0,822,0.10583941605839416
3,France,10,6,13,29,1948,55,0,822,0.06690997566909976
4,Hungary,10,5,12,27,1948,52,0,822,0.06326034063260341
5,Italy,8,11,8,27,1948,54,0,822,0.06569343065693431
6,Finland,8,7,5,20,1948,43,0,822,0.052311435523114354
7,Turkey,6,4,2,12,1948,28,0,822,0.0340632603406326
8,Czechoslovakia,6,2,3,11,1948,25,0,822,0.030413625304136254
9,Switzerland,5,10,5,20,1948,40,0,822,0.04866180048661801
10,Denmark,5,7,8,20,1948,37,0,822,0.045012165450121655
11,Netherlands,5,2,9,16,1948,28,0,822,0.0340632603406326
12,Great Britain,3,14,6,23,1948,43,1,822,0.052311435523114354
13,Argentina,3,3,1,7,1948,16,0,822,0.019464720194647202
14,Australia,2,6,5,13,1948,23,0,822,0.027980535279805353
15,Belgium,2,2,3,7,1948,13,0,822,0.015815085158150853
16,Egypt,2,2,1,5,1948,11,0,822,0.01338199513381995
17,Mexico,2,1,2,5,1948,10,0,822,0.012165450121654502
18,South Africa,2,1,1,4,1948,9,0,822,0.010948905109489052
19,Norway,1,3,3,7,1948,12,0,822,0.014598540145985401
20,Jamaica,1,2,0,3,1948,7,0,822,0.00851581508515815
21,Austria,1,0,3,4,1948,6,0,822,0.0072992700729927005
22,India,1,0,0,1,1948,3,0,822,0.0036496350364963502
22,Peru,1,0,0,1,1948,3,0,822,0.0036496350364963502
24,Yugoslavia,0,2,0,2,1948,4,0,822,0.004866180048661801
25,Canada,0,1,2,3,1948,4,0,822,0.004866180048661801
26,Portugal,0,1,1,2,1948,3,0,822,0.0036496350364963502
26,Uruguay,0,1,1,2,1948,3,0,822,0.0036496350364963502
28,Ceylon,0,1,0,1,1948,2,0,822,0.0024330900243309003
28,Cuba,0,1,0,1,1948,2,0,822,0.0024330900243309003
28,Spain,0,1,0,1,1948,2,0,822,0.0024330900243309003
28,Trinidad and Tobago,0,1,0,1,1948,2,0,822,0.0024330900243309003
32,Panama,0,0,2,2,1948,2,0,822,0.0024330900243309003
32,South Korea,0,0,2,2,1948,2,0,822,0.0024330900243309003
34,Brazil,0,0,1,1,1948,1,0,822,0.0012165450121654502
34,Iran,0,0,1,1,1948,1,0,822,0.0012165450121654502
34,Poland,0,0,1,1,1948,1,0,822,0.0012165450121654502
34,Puerto Rico,0,0,1,1,1948,1,0,822,0.0012165450121654502
1,United States,40,19,17,76,1952,175,0,909,0.1925192519251925
2,Soviet Union,22,30,19,71,1952,145,0,909,0.15951595159515952
3,Hungary,16,10,16,42,1952,84,0,909,0.0924092409240924
4,Sweden,12,13,10,35,1952,72,0,909,0.07920792079207921
5,Italy,8,9,4,21,1952,46,0,909,0.050605060506050605
6,Czechoslovakia,7,3,3,13,1952,30,0,909,0.033003300330033
7,France,6,6,6,18,1952,36,0,909,0.039603960396039604
8,Finland,6,3,13,22,1952,37,1,909,0.0407040704070407
9,Australia,6,2,3,11,1952,25,0,909,0.027502750275027504
10,Norway,3,2,0,5,1952,13,0,909,0.014301430143014302
11,Switzerland,2,6,6,14,1952,24,0,909,0.026402640264026403
12,South Africa,2,4,4,10,1952,18,0,909,0.019801980198019802
13,Jamaica,2,3,0,5,1952,12,0,909,0.013201320132013201
14,Belgium,2,2,0,4,1952,10,0,909,0.011001100110011002
15,Denmark,2,1,3,6,1952,11,0,909,0.0121012101210121
16,Turkey,2,0,1,3,1952,7,0,909,0.007700770077007701
17,Japan,1,6,2,9,1952,17,0,909,0.0187018701870187
18,Great Britain,1,2,8,11,1952,15,0,909,0.0165016501650165
19,Argentina,1,2,2,5,1952,9,0,909,0.009900990099009901
20,Poland,1,2,1,4,1952,8,0,909,0.0088008800880088
21,Canada,1,2,0,3,1952,7,0,909,0.007700770077007701
21,Yugoslavia,1,2,0,3,1952,7,0,909,0.007700770077007701
23,Romania,1,1,2,4,1952,7,0,909,0.007700770077007701
24,Brazil,1,0,2,3,1952,5,0,909,0.005500550055005501
24,New Zealand,1,0,2,3,1952,5,0,909,0.005500550055005501
26,India,1,0,1,2,1952,4,0,909,0.0044004400440044
27,Luxembourg,1,0,0,1,1952,3,0,909,0.0033003300330033004
28,Germany,0,7,17,24,1952,31,0,909,0.034103410341034104
29,Netherlands,0,5,0,5,1952,10,0,909,0.011001100110011002
30,Iran,0,3,4,7,1952,10,0,909,0.011001100110011002
31,Chile,0,2,0,2,1952,4,0,909,0.0044004400440044
32,Austria,0,1,1,2,1952,3,0,909,0.0033003300330033004
32,Lebanon,0,1,1,2,1952,3,0,909,0.0033003300330033004
34,Ireland,0,1,0,1,1952,2,0,909,0.0022002200220022
34,Mexico,0,1,0,1,1952,2,0,909,0.0022002200220022
34,Spain,0,1,0,1,1952,2,0,909,0.0022002200220022
37,South Korea,0,0,2,2,1952,2,0,909,0.0022002200220022
37,Trinidad and Tobago,0,0,2,2,1952,2,0,909,0.0022002200220022
37,Uruguay,0,0,2,2,1952,2,0,909,0.0022002200220022
40,Bulgaria,0,0,1,1,1952,1,0,909,0.0011001100110011
40,Egypt,0,0,1,1,1952,1,0,909,0.0011001100110011
40,Portugal,0,0,1,1,1952,1,0,909,0.0011001100110011
40,Venezuela,0,0,1,1,1952,1,0,909,0.0011001100110011
1,Soviet Union,37,29,32,98,1956,201,0,928,0.2165948275862069
2,United States,32,25,17,74,1956,163,0,928,0.17564655172413793
3,Australia,13,8,14,35,1956,69,1,928,0.07435344827586207
4,Hungary,9,10,7,26,1956,54,0,928,0.05818965517241379
5,Italy,8,8,9,25,1956,49,0,928,0.052801724137931036
6,Sweden,8,5,6,19,1956,40,0,928,0.04310344827586207
7,United Team of Germany,6,13,7,26,1956,51,0,928,0.05495689655172414
8,Great Britain,6,7,11,24,1956,43,0,928,0.04633620689655173
9,Romania,5,3,5,13,1956,26,0,928,0.028017241379310345
10,Japan,4,10,5,19,1956,37,0,928,0.03987068965517242
11,France,4,4,6,14,1956,26,0,928,0.028017241379310345
12,Turkey,3,2,2,7,1956,15,0,928,0.016163793103448277
13,Finland,3,1,11,15,1956,22,0,928,0.023706896551724137
14,Iran,2,2,1,5,1956,11,0,928,0.011853448275862068
15,Canada,2,1,3,6,1956,11,0,928,0.011853448275862068
16,New Zealand,2,0,0,2,1956,6,0,928,0.00646551724137931
17,Poland,1,4,4,9,1956,15,0,928,0.016163793103448277
18,Czechoslovakia,1,4,1,6,1956,12,0,928,0.01293103448275862
19,Bulgaria,1,3,1,5,1956,10,0,928,0.010775862068965518
20,Denmark,1,2,1,4,1956,8,0,928,0.008620689655172414
21,Ireland,1,1,3,5,1956,8,0,928,0.008620689655172414
22,Norway,1,0,2,3,1956,5,0,928,0.005387931034482759
23,Mexico,1,0,1,2,1956,4,0,928,0.004310344827586207
24,Brazil,1,0,0,1,1956,3,0,928,0.003232758620689655
24,India,1,0,0,1,1956,3,0,928,0.003232758620689655
26,Yugoslavia,0,3,0,3,1956,6,0,928,0.00646551724137931
27,Chile,0,2,2,4,1956,6,0,928,0.00646551724137931
28,Belgium,0,2,0,2,1956,4,0,928,0.004310344827586207
29,Argentina,0,1,1,2,1956,3,0,928,0.003232758620689655
29,South Korea,0,1,1,2,1956,3,0,928,0.003232758620689655
31,Iceland,0,1,0,1,1956,2,0,928,0.0021551724137931034
31,Pakistan,0,1,0,1,1956,2,0,928,0.0021551724137931034
33,South Africa,0,0,4,4,1956,4,0,928,0.004310344827586207
34,Austria,0,0,2,2,1956,2,0,928,0.0021551724137931034
35,Bahamas,0,0,1,1,1956,1,0,928,0.0010775862068965517
35,Greece,0,0,1,1,1956,1,0,928,0.0010775862068965517
35,Switzerland,0,0,1,1,1956,1,0,928,0.0010775862068965517
35,Uruguay,0,0,1,1,1956,1,0,928,0.0010775862068965517
1,Soviet Union,43,29,31,103,1960,218,0,914,0.23851203501094093
2,United States,34,21,16,71,1960,160,0,914,0.175054704595186
3,Italy,13,10,13,36,1960,72,1,914,0.0787746170678337
4,United Team of Germany,12,19,11,42,1960,85,0,914,0.09299781181619256
5,Australia,8,8,6,22,1960,46,0,914,0.05032822757111598
6,Turkey,7,2,0,9,1960,25,0,914,0.02735229759299781
7,Hungary,6,8,7,21,1960,41,0,914,0.044857768052516414
8,Japan,4,7,7,18,1960,33,0,914,0.036105032822757115
9,Poland,4,6,11,21,1960,35,0,914,0.038293216630196934
10,Czechoslovakia,3,2,3,8,1960,16,0,914,0.0175054704595186
11,Romania,3,1,6,10,1960,17,0,914,0.018599562363238512
12,Great Britain,2,6,12,20,1960,30,0,914,0.03282275711159737
13,Denmark,2,3,1,6,1960,13,0,914,0.014223194748358862
14,New Zealand,2,0,1,3,1960,7,0,914,0.007658643326039387
15,Bulgaria,1,3,3,7,1960,12,0,914,0.01312910284463895
16,Sweden,1,2,3,6,1960,10,0,914,0.010940919037199124
17,Finland,1,1,3,5,1960,8,0,914,0.0087527352297593
18,Austria,1,1,0,2,1960,5,0,914,0.005470459518599562
18,Yugoslavia,1,1,0,2,1960,5,0,914,0.005470459518599562
20,Pakistan,1,0,1,2,1960,4,0,914,0.00437636761487965
21,Ethiopia,1,0,0,1,1960,3,0,914,0.0032822757111597373
21,Greece,1,0,0,1,1960,3,0,914,0.0032822757111597373
21,Norway,1,0,0,1,1960,3,0,914,0.0032822757111597373
24,Switzerland,0,3,3,6,1960,9,0,914,0.009846827133479213
25,France,0,2,3,5,1960,7,0,914,0.007658643326039387
26,Belgium,0,2,2,4,1960,6,0,914,0.006564551422319475
27,Iran,0,1,3,4,1960,5,0,914,0.005470459518599562
28,Netherlands,0,1,2,3,1960,4,0,914,0.00437636761487965
28,South Africa,0,1,2,3,1960,4,0,914,0.00437636761487965
30,Argentina,0,1,1,2,1960,3,0,914,0.0032822757111597373
30,Egypt,0,1,1,2,1960,3,0,914,0.0032822757111597373
32,Canada,0,1,0,1,1960,2,0,914,0.002188183807439825
32,Formosa,0,1,0,1,1960,2,0,914,0.002188183807439825
32,Ghana,0,1,0,1,1960,2,0,914,0.002188183807439825
32,India,0,1,0,1,1960,2,0,914,0.002188183807439825
32,Morocco,0,1,0,1,1960,2,0,914,0.002188183807439825
32,Portugal,0,1,0,1,1960,2,0,914,0.002188183807439825
32,Singapore,0,1,0,1,1960,2,0,914,0.002188183807439825
39,Brazil,0,0,2,2,1960,2,0,914,0.002188183807439825
39,British West Indies,0,0,2,2,1960,2,0,914,0.002188183807439825
41,Iraq,0,0,1,1,1960,1,0,914,0.0010940919037199124
41,Mexico,0,0,1,1,1960,1,0,914,0.0010940919037199124
41,Spain,0,0,1,1,1960,1,0,914,0.0010940919037199124
41,Venezuela,0,0,1,1,1960,1,0,914,0.0010940919037199124
1,United States,36,26,28,90,1964,188,0,997,0.18856569709127383
2,Soviet Union,30,31,35,96,1964,187,0,997,0.18756268806419257
3,Japan,16,5,8,29,1964,66,1,997,0.06619859578736209
4,United Team of Germany,10,22,18,50,1964,92,0,997,0.09227683049147442
5,Italy,10,10,7,27,1964,57,0,997,0.05717151454363089
6,Hungary,10,7,5,22,1964,49,0,997,0.04914744232698094
7,Poland,7,6,10,23,1964,43,0,997,0.04312938816449348
8,Australia,6,2,10,18,1964,32,0,997,0.0320962888665998
9,Czechoslovakia,5,6,3,14,1964,30,0,997,0.03009027081243731
10,Great Britain,4,12,2,18,1964,38,0,997,0.03811434302908726
11,Bulgaria,3,5,2,10,1964,21,0,997,0.02106318956870612
12,Finland,3,0,2,5,1964,11,0,997,0.011033099297893681
12,New Zealand,3,0,2,5,1964,11,0,997,0.011033099297893681
14,Romania,2,4,6,12,1964,20,0,997,0.020060180541624874
15,Netherlands,2,4,4,10,1964,18,0,997,0.01805416248746239
16,Turkey,2,3,1,6,1964,13,0,997,0.013039117352056168
17,Sweden,2,2,4,8,1964,14,0,997,0.014042126379137413
18,Denmark,2,1,3,6,1964,11,0,997,0.011033099297893681
19,Yugoslavia,2,1,2,5,1964,10,0,997,0.010030090270812437
20,Belgium,2,0,1,3,1964,7,0,997,0.007021063189568706
21,France,1,8,6,15,1964,25,0,997,0.025075225677031094
22,Canada,1,2,1,4,1964,8,0,997,0.00802407221664995
22,Switzerland,1,2,1,4,1964,8,0,997,0.00802407221664995
24,Bahamas,1,0,0,1,1964,3,0,997,0.003009027081243731
24,Ethiopia,1,0,0,1,1964,3,0,997,0.003009027081243731
24,India,1,0,0,1,1964,3,0,997,0.003009027081243731
27,South Korea,0,2,1,3,1964,5,0,997,0.0050150451354062184
28,Trinidad and Tobago,0,1,2,3,1964,4,0,997,0.004012036108324975
29,Tunisia,0,1,1,2,1964,3,0,997,0.003009027081243731
30,Argentina,0,1,0,1,1964,2,0,997,0.0020060180541624875
30,Cuba,0,1,0,1,1964,2,0,997,0.0020060180541624875
30,Pakistan,0,1,0,1,1964,2,0,997,0.0020060180541624875
30,Philippines,0,1,0,1,1964,2,0,997,0.0020060180541624875
34,Iran,0,0,2,2,1964,2,0,997,0.0020060180541624875
35,Brazil,0,0,1,1,1964,1,0,997,0.0010030090270812437
35,Ghana,0,0,1,1,1964,1,0,997,0.0010030090270812437
35,Ireland,0,0,1,1,1964,1,0,997,0.0010030090270812437
35,Kenya,0,0,1,1,1964,1,0,997,0.0010030090270812437
35,Mexico,0,0,1,1,1964,1,0,997,0.0010030090270812437
35,Nigeria,0,0,1,1,1964,1,0,997,0.0010030090270812437
35,Uruguay,0,0,1,1,1964,1,0,997,0.0010030090270812437
1,United States,45,28,34,107,1968,225,0,1045,0.215311004784689
2,Soviet Union,29,32,30,91,1968,181,0,1045,0.17320574162679425
3,Japan,11,7,7,25,1968,54,0,1045,0.05167464114832536
4,Hungary,10,10,12,32,1968,62,0,1045,0.05933014354066986
5,East Germany,9,9,7,25,1968,52,0,1045,0.049760765550239235
6,France,7,3,5,15,1968,32,0,1045,0.03062200956937799
7,Czechoslovakia,7,2,4,13,1968,29,0,1045,0.027751196172248804
8,West Germany,5,11,10,26,1968,47,0,1045,0.044976076555023926
9,Australia,5,7,5,17,1968,34,0,1045,0.03253588516746411
10,Great Britain,5,5,3,13,1968,28,0,1045,0.026794258373205742
11,Poland,5,2,11,18,1968,30,0,1045,0.028708133971291867
12,Romania,4,6,5,15,1968,29,0,1045,0.027751196172248804
13,Italy,3,4,9,16,1968,26,0,1045,0.024880382775119617
14,Kenya,3,4,2,9,1968,19,0,1045,0.01818181818181818
15,Mexico,3,3,3,9,1968,18,1,1045,0.01722488038277512
16,Yugoslavia,3,3,2,8,1968,17,0,1045,0.016267942583732056
17,Netherlands,3,3,1,7,1968,16,0,1045,0.015311004784688996
18,Bulgaria,2,4,3,9,1968,17,0,1045,0.016267942583732056
19,Iran,2,1,2,5,1968,10,0,1045,0.009569377990430622
20,Sweden,2,1,1,4,1968,9,0,1045,0.00861244019138756
21,Turkey,2,0,0,2,1968,6,0,1045,0.005741626794258373
22,Denmark,1,4,3,8,1968,14,0,1045,0.013397129186602871
23,Canada,1,3,1,5,1968,10,0,1045,0.009569377990430622
24,Finland,1,2,1,4,1968,8,0,1045,0.007655502392344498
25,Ethiopia,1,1,0,2,1968,5,0,1045,0.004784688995215311
25,Norway,1,1,0,2,1968,5,0,1045,0.004784688995215311
27,New Zealand,1,0,2,3,1968,5,0,1045,0.004784688995215311
28,Tunisia,1,0,1,2,1968,4,0,1045,0.003827751196172249
29,Pakistan,1,0,0,1,1968,3,0,1045,0.0028708133971291866
29,Venezuela,1,0,0,1,1968,3,0,1045,0.0028708133971291866
31,Cuba,0,4,0,4,1968,8,0,1045,0.007655502392344498
32,Austria,0,2,2,4,1968,6,0,1045,0.005741626794258373
33,Switzerland,0,1,4,5,1968,6,0,1045,0.005741626794258373
34,Mongolia,0,1,3,4,1968,5,0,1045,0.004784688995215311
35,Brazil,0,1,2,3,1968,4,0,1045,0.003827751196172249
36,Belgium,0,1,1,2,1968,3,0,1045,0.0028708133971291866
36,South Korea,0,1,1,2,1968,3,0,1045,0.0028708133971291866
36,Uganda,0,1,1,2,1968,3,0,1045,0.0028708133971291866
39,Cameroon,0,1,0,1,1968,2,0,1045,0.0019138755980861245
39,Jamaica,0,1,0,1,1968,2,0,1045,0.0019138755980861245
41,Argentina,0,0,2,2,1968,2,0,1045,0.0019138755980861245
42,Greece,0,0,1,1,1968,1,0,1045,0.0009569377990430622
42,India,0,0,1,1,1968,1,0,1045,0.0009569377990430622
42,Taiwan,0,0,1,1,1968,1,0,1045,0.0009569377990430622
1,Soviet Union,50,27,22,99,1972,226,0,1185,0.19071729957805908
2,United States,33,31,30,94,1972,191,0,1185,0.16118143459915613
3,East Germany,20,23,23,66,1972,129,0,1185,0.10886075949367088
4,West Germany,13,11,16,40,1972,77,1,1185,0.06497890295358649
5,Japan,13,8,8,29,1972,63,0,1185,0.053164556962025315
6,Australia,8,7,2,17,1972,40,0,1185,0.03375527426160337
7,Poland,7,5,9,21,1972,40,0,1185,0.03375527426160337
8,Hungary,6,13,16,35,1972,60,0,1185,0.05063291139240506
9,Bulgaria,6,10,5,21,1972,43,0,1185,0.036286919831223625
10,Italy,5,3,10,18,1972,31,0,1185,0.026160337552742614
11,Sweden,4,6,6,16,1972,30,0,1185,0.02531645569620253
12,Great Britain,4,5,9,18,1972,31,0,1185,0.026160337552742614
13,Romania,3,6,7,16,1972,28,0,1185,0.02362869198312236
14,Cuba,3,1,4,8,1972,15,0,1185,0.012658227848101266
14,Finland,3,1,4,8,1972,15,0,1185,0.012658227848101266
16,Netherlands,3,1,1,5,1972,12,0,1185,0.010126582278481013
17,France,2,4,7,13,1972,21,0,1185,0.017721518987341773
18,Czechoslovakia,2,4,2,8,1972,16,0,1185,0.01350210970464135
19,Kenya,2,3,4,9,1972,16,0,1185,0.01350210970464135
20,Yugoslavia,2,1,2,5,1972,10,0,1185,0.008438818565400843
21,Norway,2,1,1,4,1972,9,0,1185,0.007594936708860759
22,North Korea,1,1,3,5,1972,8,0,1185,0.006751054852320675
23,New Zealand,1,1,1,3,1972,6,0,1185,0.005063291139240506
24,Uganda,1,1,0,2,1972,5,0,1185,0.004219409282700422
25,Denmark,1,0,0,1,1972,3,0,1185,0.002531645569620253
26,Switzerland,0,3,0,3,1972,6,0,1185,0.005063291139240506
27,Canada,0,2,3,5,1972,7,0,1185,0.00590717299578059
28,Iran,0,2,1,3,1972,5,0,1185,0.004219409282700422
29,Belgium,0,2,0,2,1972,4,0,1185,0.0033755274261603376
29,Greece,0,2,0,2,1972,4,0,1185,0.0033755274261603376
31,Austria,0,1,2,3,1972,4,0,1185,0.0033755274261603376
31,Colombia,0,1,2,3,1972,4,0,1185,0.0033755274261603376
33,Argentina,0,1,0,1,1972,2,0,1185,0.0016877637130801688
33,Lebanon,0,1,0,1,1972,2,0,1185,0.0016877637130801688
33,Mexico,0,1,0,1,1972,2,0,1185,0.0016877637130801688
33,Mongolia,0,1,0,1,1972,2,0,1185,0.0016877637130801688
33,Pakistan,0,1,0,1,1972,2,0,1185,0.0016877637130801688
33,South Korea,0,1,0,1,1972,2,0,1185,0.0016877637130801688
33,Tunisia,0,1,0,1,1972,2,0,1185,0.0016877637130801688
33,Turkey,0,1,0,1,1972,2,0,1185,0.0016877637130801688
41,Brazil,0,0,2,2,1972,2,0,1185,0.0016877637130801688
41,Ethiopia,0,0,2,2,1972,2,0,1185,0.0016877637130801688
43,Ghana,0,0,1,1,1972,1,0,1185,0.0008438818565400844
43,India,0,0,1,1,1972,1,0,1185,0.0008438818565400844
43,Jamaica,0,0,1,1,1972,1,0,1185,0.0008438818565400844
43,Niger,0,0,1,1,1972,1,0,1185,0.0008438818565400844
43,Nigeria,0,0,1,1,1972,1,0,1185,0.0008438818565400844
43,Spain,0,0,1,1,1972,1,0,1185,0.0008438818565400844
1,Soviet Union,49,41,35,125,1976,264,0,1208,0.2185430463576159
2,East Germany,40,25,25,90,1976,195,0,1208,0.16142384105960264
3,United States,34,35,25,94,1976,197,0,1208,0.1630794701986755
4,West Germany,10,12,17,39,1976,71,0,1208,0.058774834437086095
5,Japan,9,6,10,25,1976,49,0,1208,0.04056291390728477
6,Poland,7,6,13,26,1976,46,0,1208,0.0380794701986755
7,Bulgaria,6,9,7,22,1976,43,0,1208,0.03559602649006623
8,Cuba,6,4,3,13,1976,29,0,1208,0.024006622516556293
9,Romania,4,9,14,27,1976,44,0,1208,0.03642384105960265
10,Hungary,4,5,13,22,1976,35,0,1208,0.028973509933774833
11,Finland,4,2,0,6,1976,16,0,1208,0.013245033112582781
12,Sweden,4,1,0,5,1976,14,0,1208,0.011589403973509934
13,Great Britain,3,5,5,13,1976,24,0,1208,0.019867549668874173
14,Italy,2,7,4,13,1976,24,0,1208,0.019867549668874173
15,France,2,3,4,9,1976,16,0,1208,0.013245033112582781
16,Yugoslavia,2,3,3,8,1976,15,0,1208,0.012417218543046357
17,Czechoslovakia,2,2,4,8,1976,14,0,1208,0.011589403973509934
18,New Zealand,2,1,1,4,1976,9,0,1208,0.0074503311258278145
19,South Korea,1,1,4,6,1976,9,0,1208,0.0074503311258278145
20,Switzerland,1,1,2,4,1976,7,0,1208,0.005794701986754967
21,Jamaica,1,1,0,2,1976,5,0,1208,0.0041390728476821195
21,North Korea,1,1,0,2,1976,5,0,1208,0.0041390728476821195
21,Norway,1,1,0,2,1976,5,0,1208,0.0041390728476821195
24,Denmark,1,0,2,3,1976,5,0,1208,0.0041390728476821195
25,Mexico,1,0,1,2,1976,4,0,1208,0.0033112582781456954
26,Trinidad and Tobago,1,0,0,1,1976,3,0,1208,0.0024834437086092716
27,Canada,0,5,6,11,1976,16,1,1208,0.013245033112582781
28,Belgium,0,3,3,6,1976,9,0,1208,0.0074503311258278145
29,Netherlands,0,2,3,5,1976,7,0,1208,0.005794701986754967
30,Portugal,0,2,0,2,1976,4,0,1208,0.0033112582781456954
30,Spain,0,2,0,2,1976,4,0,1208,0.0033112582781456954
32,Australia,0,1,4,5,1976,6,0,1208,0.004966887417218543
33,Iran,0,1,1,2,1976,3,0,1208,0.0024834437086092716
34,Mongolia,0,1,0,1,1976,2,0,1208,0.0016556291390728477
34,Venezuela,0,1,0,1,1976,2,0,1208,0.0016556291390728477
36,Brazil,0,0,2,2,1976,2,0,1208,0.0016556291390728477
37,Austria,0,0,1,1,1976,1,0,1208,0.0008278145695364238
37,Bermuda,0,0,1,1,1976,1,0,1208,0.0008278145695364238
37,Pakistan,0,0,1,1,1976,1,0,1208,0.0008278145695364238
37,Puerto Rico,0,0,1,1,1976,1,0,1208,0.0008278145695364238
37,Thailand,0,0,1,1,1976,1,0,1208,0.0008278145695364238
1,Soviet Union,80,69,46,195,1980,424,1,1243,0.3411102172164119
2,East Germany,47,37,42,126,1980,257,0,1243,0.2067578439259855
3,Bulgaria,8,16,17,41,1980,73,0,1243,0.058728881737731296
4,Cuba,8,7,5,20,1980,43,0,1243,0.03459372485921158
5,Italy,8,3,4,15,1980,34,0,1243,0.027353177795655673
6,Hungary,7,10,15,32,1980,56,0,1243,0.04505229283990346
7,Romania,6,6,13,25,1980,43,0,1243,0.03459372485921158
8,France,6,5,3,14,1980,31,0,1243,0.0249396621078037
9,Great Britain,5,7,9,21,1980,38,0,1243,0.030571198712791632
10,Poland,3,14,15,32,1980,52,0,1243,0.0418342719227675
11,Sweden,3,3,6,12,1980,21,0,1243,0.016894609814963796
12,Finland,3,1,4,8,1980,15,0,1243,0.012067578439259855
13,Czechoslovakia,2,3,9,14,1980,21,0,1243,0.016894609814963796
14,Yugoslavia,2,3,4,9,1980,16,0,1243,0.012872083668543845
15,Australia,2,2,5,9,1980,15,0,1243,0.012067578439259855
16,Denmark,2,1,2,5,1980,10,0,1243,0.008045052292839904
17,Brazil,2,0,2,4,1980,8,0,1243,0.006436041834271922
17,Ethiopia,2,0,2,4,1980,8,0,1243,0.006436041834271922
19,Switzerland,2,0,0,2,1980,6,0,1243,0.004827031375703942
20,Spain,1,3,2,6,1980,11,0,1243,0.008849557522123894
21,Austria,1,2,1,4,1980,8,0,1243,0.006436041834271922
22,Greece,1,0,2,3,1980,5,0,1243,0.004022526146419952
23,Belgium,1,0,0,1,1980,3,0,1243,0.002413515687851971
23,India,1,0,0,1,1980,3,0,1243,0.002413515687851971
23,Zimbabwe,1,0,0,1,1980,3,0,1243,0.002413515687851971
26,North Korea,0,3,2,5,1980,8,0,1243,0.006436041834271922
27,Mongolia,0,2,2,4,1980,6,0,1243,0.004827031375703942
28,Tanzania,0,2,0,2,1980,4,0,1243,0.003218020917135961
29,Mexico,0,1,3,4,1980,5,0,1243,0.004022526146419952
30,Netherlands,0,1,2,3,1980,4,0,1243,0.003218020917135961
31,Ireland,0,1,1,2,1980,3,0,1243,0.002413515687851971
32,Uganda,0,1,0,1,1980,2,0,1243,0.0016090104585679806
32,Venezuela,0,1,0,1,1980,2,0,1243,0.0016090104585679806
34,Jamaica,0,0,3,3,1980,3,0,1243,0.002413515687851971
35,Guyana,0,0,1,1,1980,1,0,1243,0.0008045052292839903
35,Lebanon,0,0,1,1,1980,1,0,1243,0.0008045052292839903
1,United States,83,61,30,174,1984,401,1,1359,0.29506990434142755
2,Romania,20,16,17,53,1984,109,0,1359,0.08020603384841796
3,West Germany,17,19,23,59,1984,112,0,1359,0.08241353936718175
4,China,15,8,9,32,1984,70,0,1359,0.051508462104488596
5,Italy,14,6,12,32,1984,66,0,1359,0.04856512141280353
6,Canada,10,18,16,44,1984,82,0,1359,0.06033848417954378
7,Japan,10,8,14,32,1984,60,0,1359,0.04415011037527594
8,New Zealand,8,1,2,11,1984,28,0,1359,0.020603384841795438
9,Yugoslavia,7,4,7,18,1984,36,0,1359,0.026490066225165563
10,South Korea,6,6,7,19,1984,37,0,1359,0.027225901398086828
11,Great Britain,5,11,21,37,1984,58,0,1359,0.042678440029433405
12,France,5,7,16,28,1984,45,0,1359,0.033112582781456956
13,Netherlands,5,2,6,13,1984,25,0,1359,0.01839587932303164
14,Australia,4,8,12,24,1984,40,0,1359,0.029433406916850625
15,Finland,4,2,6,12,1984,22,0,1359,0.016188373804267846
16,Sweden,2,11,6,19,1984,34,0,1359,0.025018395879323033
17,Mexico,2,3,1,6,1984,13,0,1359,0.009565857247976454
18,Morocco,2,0,0,2,1984,6,0,1359,0.004415011037527594
19,Brazil,1,5,2,8,1984,15,0,1359,0.011037527593818985
20,Spain,1,2,2,5,1984,9,0,1359,0.006622516556291391
21,Belgium,1,1,2,4,1984,7,0,1359,0.0051508462104488595
22,Austria,1,1,1,3,1984,6,0,1359,0.004415011037527594
23,Kenya,1,0,2,3,1984,5,0,1359,0.003679175864606328
23,Portugal,1,0,2,3,1984,5,0,1359,0.003679175864606328
25,Pakistan,1,0,0,1,1984,3,0,1359,0.002207505518763797
26,Switzerland,0,4,4,8,1984,12,0,1359,0.008830022075055188
27,Denmark,0,3,3,6,1984,9,0,1359,0.006622516556291391
28,Jamaica,0,1,2,3,1984,4,0,1359,0.0029433406916850625
28,Norway,0,1,2,3,1984,4,0,1359,0.0029433406916850625
30,Greece,0,1,1,2,1984,3,0,1359,0.002207505518763797
30,Nigeria,0,1,1,2,1984,3,0,1359,0.002207505518763797
30,Puerto Rico,0,1,1,2,1984,3,0,1359,0.002207505518763797
33,Colombia,0,1,0,1,1984,2,0,1359,0.0014716703458425313
33,Egypt,0,1,0,1,1984,2,0,1359,0.0014716703458425313
33,Ireland,0,1,0,1,1984,2,0,1359,0.0014716703458425313
33,Ivory Coast,0,1,0,1,1984,2,0,1359,0.0014716703458425313
33,Peru,0,1,0,1,1984,2,0,1359,0.0014716703458425313
33,Syria,0,1,0,1,1984,2,0,1359,0.0014716703458425313
33,Thailand,0,1,0,1,1984,2,0,1359,0.0014716703458425313
40,Turkey,0,0,3,3,1984,3,0,1359,0.002207505518763797
40,Venezuela,0,0,3,3,1984,3,0,1359,0.002207505518763797
42,Algeria,0,0,2,2,1984,2,0,1359,0.0014716703458425313
43,Cameroon,0,0,1,1,1984,1,0,1359,0.0007358351729212656
43,Chinese Taipei,0,0,1,1,1984,1,0,1359,0.0007358351729212656
43,Dominican Republic,0,0,1,1,1984,1,0,1359,0.0007358351729212656
43,Iceland,0,0,1,1,1984,1,0,1359,0.0007358351729212656
43,Zambia,0,0,1,1,1984,1,0,1359,0.0007358351729212656
1,Soviet Union,55,31,46,132,1988,273,0,1455,0.18762886597938144
2,East Germany,37,35,30,102,1988,211,0,1455,0.1450171821305842
3,United States,36,31,27,94,1988,197,0,1455,0.13539518900343642
4,South Korea,12,10,11,33,1988,67,1,1455,0.04604810996563574
5,West Germany,11,14,15,40,1988,76,0,1455,0.05223367697594502
6,Hungary,11,6,6,23,1988,51,0,1455,0.03505154639175258
7,Bulgaria,10,12,13,35,1988,67,0,1455,0.04604810996563574
8,Romania,7,11,6,24,1988,49,0,1455,0.03367697594501718
9,France,6,4,6,16,1988,32,0,1455,0.021993127147766325
10,Italy,6,4,4,14,1988,30,0,1455,0.020618556701030927
11,China,5,11,12,28,1988,49,0,1455,0.03367697594501718
12,Great Britain,5,10,9,24,1988,44,0,1455,0.030240549828178694
13,Kenya,5,2,2,9,1988,21,0,1455,0.01443298969072165
14,Japan,4,3,7,14,1988,25,0,1455,0.01718213058419244
15,Australia,3,6,5,14,1988,26,0,1455,0.017869415807560136
16,Yugoslavia,3,4,5,12,1988,22,0,1455,0.015120274914089347
17,Czechoslovakia,3,3,2,8,1988,17,0,1455,0.01168384879725086
18,New Zealand,3,2,8,13,1988,21,0,1455,0.01443298969072165
19,Canada,3,2,5,10,1988,18,0,1455,0.012371134020618556
20,Poland,2,5,9,16,1988,25,0,1455,0.01718213058419244
21,Norway,2,3,0,5,1988,12,0,1455,0.008247422680412371
22,Netherlands,2,2,5,9,1988,15,0,1455,0.010309278350515464
23,Denmark,2,1,1,4,1988,9,0,1455,0.006185567010309278
24,Brazil,1,2,3,6,1988,10,0,1455,0.006872852233676976
25,Finland,1,1,2,4,1988,7,0,1455,0.004810996563573883
25,Spain,1,1,2,4,1988,7,0,1455,0.004810996563573883
27,Turkey,1,1,0,2,1988,5,0,1455,0.003436426116838488
28,Morocco,1,0,2,3,1988,5,0,1455,0.003436426116838488
29,Austria,1,0,0,1,1988,3,0,1455,0.002061855670103093
29,Portugal,1,0,0,1,1988,3,0,1455,0.002061855670103093
29,Suriname,1,0,0,1,1988,3,0,1455,0.002061855670103093
32,Sweden,0,4,7,11,1988,15,0,1455,0.010309278350515464
33,Switzerland,0,2,2,4,1988,6,0,1455,0.004123711340206186
34,Jamaica,0,2,0,2,1988,4,0,1455,0.0027491408934707906
35,Argentina,0,1,1,2,1988,3,0,1455,0.002061855670103093
36,Chile,0,1,0,1,1988,2,0,1455,0.0013745704467353953
36,Costa Rica,0,1,0,1,1988,2,0,1455,0.0013745704467353953
36,Indonesia,0,1,0,1,1988,2,0,1455,0.0013745704467353953
36,Iran,0,1,0,1,1988,2,0,1455,0.0013745704467353953
36,Netherlands Antilles,0,1,0,1,1988,2,0,1455,0.0013745704467353953
36,Peru,0,1,0,1,1988,2,0,1455,0.0013745704467353953
36,Senegal,0,1,0,1,1988,2,0,1455,0.0013745704467353953
36,Virgin Islands,0,1,0,1,1988,2,0,1455,0.0013745704467353953
44,Belgium,0,0,2,2,1988,2,0,1455,0.0013745704467353953
44,Mexico,0,0,2,2,1988,2,0,1455,0.0013745704467353953
46,Colombia,0,0,1,1,1988,1,0,1455,0.0006872852233676976
46,Djibouti,0,0,1,1,1988,1,0,1455,0.0006872852233676976
46,Greece,0,0,1,1,1988,1,0,1455,0.0006872852233676976
46,Mongolia,0,0,1,1,1988,1,0,1455,0.0006872852233676976
46,Pakistan,0,0,1,1,1988,1,0,1455,0.0006872852233676976
46,Philippines,0,0,1,1,1988,1,0,1455,0.0006872852233676976
46,Thailand,0,0,1,1,1988,1,0,1455,0.0006872852233676976
1,Unified Team,45,38,29,112,1992,240,0,1592,0.1507537688442211
2,United States,37,34,37,108,1992,216,0,1592,0.135678391959799
3,Germany,33,21,28,82,1992,169,0,1592,0.10615577889447236
4,China,16,22,16,54,1992,108,0,1592,0.0678391959798995
5,Cuba,14,6,11,31,1992,65,0,1592,0.04082914572864322
6,Spain,13,7,2,22,1992,55,1,1592,0.034547738693467334
7,South Korea,12,5,12,29,1992,58,0,1592,0.0364321608040201
8,Hungary,11,12,7,30,1992,64,0,1592,0.04020100502512563
9,France,8,5,16,29,1992,50,0,1592,0.031407035175879394
10,Australia,7,9,11,27,1992,50,0,1592,0.031407035175879394
11,Canada,7,4,7,18,1992,36,0,1592,0.022613065326633167
12,Italy,6,5,8,19,1992,36,0,1592,0.022613065326633167
13,Great Britain,5,3,12,20,1992,33,0,1592,0.0207286432160804
14,Romania,4,6,8,18,1992,32,0,1592,0.020100502512562814
15,Czechoslovakia,4,2,1,7,1992,17,0,1592,0.010678391959798994
16,North Korea,4,0,5,9,1992,17,0,1592,0.010678391959798994
17,Japan,3,8,11,22,1992,36,0,1592,0.022613065326633167
18,Bulgaria,3,7,6,16,1992,29,0,1592,0.01821608040201005
19,Poland,3,6,10,19,1992,31,0,1592,0.019472361809045227
20,Netherlands,2,6,7,15,1992,25,0,1592,0.015703517587939697
21,Kenya,2,4,2,8,1992,16,0,1592,0.010050251256281407
22,Norway,2,4,1,7,1992,15,0,1592,0.009422110552763818
23,Turkey,2,2,2,6,1992,12,0,1592,0.007537688442211055
24,Indonesia,2,2,1,5,1992,11,0,1592,0.006909547738693468
25,Brazil,2,1,0,3,1992,8,0,1592,0.005025125628140704
26,Greece,2,0,0,2,1992,6,0,1592,0.0037688442211055275
27,Sweden,1,7,4,12,1992,21,0,1592,0.013190954773869347
28,New Zealand,1,4,5,10,1992,16,0,1592,0.010050251256281407
29,Finland,1,2,2,5,1992,9,0,1592,0.005653266331658292
30,Denmark,1,1,4,6,1992,9,0,1592,0.005653266331658292
31,Morocco,1,1,1,3,1992,6,0,1592,0.0037688442211055275
32,Ireland,1,1,0,2,1992,5,0,1592,0.00314070351758794
33,Ethiopia,1,0,2,3,1992,5,0,1592,0.00314070351758794
34,Algeria,1,0,1,2,1992,4,0,1592,0.002512562814070352
34,Estonia,1,0,1,2,1992,4,0,1592,0.002512562814070352
34,Lithuania,1,0,1,2,1992,4,0,1592,0.002512562814070352
37,Switzerland,1,0,0,1,1992,3,0,1592,0.0018844221105527637
38,Jamaica,0,3,1,4,1992,7,0,1592,0.0043969849246231155
38,Nigeria,0,3,1,4,1992,7,0,1592,0.0043969849246231155
40,Latvia,0,2,1,3,1992,5,0,1592,0.00314070351758794
41,Austria,0,2,0,2,1992,4,0,1592,0.002512562814070352
41,Namibia,0,2,0,2,1992,4,0,1592,0.002512562814070352
41,South Africa,0,2,0,2,1992,4,0,1592,0.002512562814070352
44,Belgium,0,1,2,3,1992,4,0,1592,0.002512562814070352
44,Croatia,0,1,2,3,1992,4,0,1592,0.002512562814070352
44,Independent Olympic Participants,0,1,2,3,1992,4,0,1592,0.002512562814070352
44,Iran,0,1,2,3,1992,4,0,1592,0.002512562814070352
48,Israel,0,1,1,2,1992,3,0,1592,0.0018844221105527637
49,Chinese Taipei,0,1,0,1,1992,2,0,1592,0.001256281407035176
49,Mexico,0,1,0,1,1992,2,0,1592,0.001256281407035176
49,Peru,0,1,0,1,1992,2,0,1592,0.001256281407035176
52,Mongolia,0,0,2,2,1992,2,0,1592,0.001256281407035176
52,Slovenia,0,0,2,2,1992,2,0,1592,0.001256281407035176
54,Argentina,0,0,1,1,1992,1,0,1592,0.000628140703517588
54,Bahamas,0,0,1,1,1992,1,0,1592,0.000628140703517588
54,Colombia,0,0,1,1,1992,1,0,1592,0.000628140703517588
54,Ghana,0,0,1,1,1992,1,0,1592,0.000628140703517588
54,Malaysia,0,0,1,1,1992,1,0,1592,0.000628140703517588
54,Pakistan,0,0,1,1,1992,1,0,1592,0.000628140703517588
54,Philippines,0,0,1,1,1992,1,0,1592,0.000628140703517588
54,Puerto Rico,0,0,1,1,1992,1,0,1592,0.000628140703517588
54,Qatar,0,0,1,1,1992,1,0,1592,0.000628140703517588
54,Suriname,0,0,1,1,1992,1,0,1592,0.000628140703517588
54,Thailand,0,0,1,1,1992,1,0,1592,0.000628140703517588
1,United States,44,32,25,101,1996,221,1,1657,0.13337356668678335
2,Russia,26,21,16,63,1996,136,0,1657,0.08207604103802052
3,Germany,20,18,27,65,1996,123,0,1657,0.07423053711526856
4,China,16,22,12,50,1996,104,0,1657,0.0627640313820157
5,France,15,7,15,37,1996,74,0,1657,0.04465902232951117
6,Italy,13,10,12,35,1996,71,0,1657,0.04284852142426071
7,Australia,9,9,23,41,1996,68,0,1657,0.04103802051901026
8,Cuba,9,8,8,25,1996,51,0,1657,0.030778515389257695
9,Ukraine,9,2,12,23,1996,43,0,1657,0.02595051297525649
10,South Korea,7,15,5,27,1996,56,0,1657,0.03379601689800845
11,Poland,7,5,5,17,1996,36,0,1657,0.02172601086300543
12,Hungary,7,4,10,21,1996,39,0,1657,0.023536511768255886
13,Spain,5,6,6,17,1996,33,0,1657,0.019915509957754977
14,Romania,4,7,9,20,1996,35,0,1657,0.02112251056125528
15,Netherlands,4,5,10,19,1996,32,0,1657,0.01931200965600483
16,Greece,4,4,0,8,1996,20,0,1657,0.012070006035003017
17,Czech Republic,4,3,4,11,1996,22,0,1657,0.013277006638503319
18,Switzerland,4,3,0,7,1996,18,0,1657,0.010863005431502716
19,Denmark,4,1,1,6,1996,15,0,1657,0.009052504526252263
19,Turkey,4,1,1,6,1996,15,0,1657,0.009052504526252263
21,Canada,3,11,8,22,1996,39,0,1657,0.023536511768255886
22,Bulgaria,3,7,5,15,1996,28,0,1657,0.016898008449004225
23,Japan,3,6,5,14,1996,26,0,1657,0.015691007845503924
24,Kazakhstan,3,4,4,11,1996,21,0,1657,0.012673506336753168
25,Brazil,3,3,9,15,1996,24,0,1657,0.01448400724200362
26,New Zealand,3,2,1,6,1996,14,0,1657,0.008449004224502113
27,South Africa,3,1,1,5,1996,12,0,1657,0.00724200362100181
28,Ireland,3,0,1,4,1996,10,0,1657,0.006035003017501509
29,Sweden,2,4,2,8,1996,16,0,1657,0.009656004828002414
30,Norway,2,2,3,7,1996,13,0,1657,0.007845503922751962
31,Belgium,2,2,2,6,1996,12,0,1657,0.00724200362100181
32,Nigeria,2,1,3,6,1996,11,0,1657,0.006638503319251659
33,North Korea,2,1,2,5,1996,10,0,1657,0.006035003017501509
34,Algeria,2,0,1,3,1996,7,0,1657,0.004224502112251056
34,Ethiopia,2,0,1,3,1996,7,0,1657,0.004224502112251056
36,Great Britain,1,8,6,15,1996,25,0,1657,0.015087507543753771
37,Belarus,1,6,8,15,1996,23,0,1657,0.01388050694025347
38,Kenya,1,4,3,8,1996,14,0,1657,0.008449004224502113
39,Jamaica,1,3,2,6,1996,11,0,1657,0.006638503319251659
40,Finland,1,2,1,4,1996,8,0,1657,0.004828002414001207
41,FR Yugoslavia,1,1,2,4,1996,7,0,1657,0.004224502112251056
41,Indonesia,1,1,2,4,1996,7,0,1657,0.004224502112251056
43,Iran,1,1,1,3,1996,6,0,1657,0.003621001810500905
43,Slovakia,1,1,1,3,1996,6,0,1657,0.003621001810500905
45,Armenia,1,1,0,2,1996,5,0,1657,0.0030175015087507543
45,Croatia,1,1,0,2,1996,5,0,1657,0.0030175015087507543
47,Portugal,1,0,1,2,1996,4,0,1657,0.0024140012070006035
47,Thailand,1,0,1,2,1996,4,0,1657,0.0024140012070006035
49,Burundi,1,0,0,1,1996,3,0,1657,0.0018105009052504525
49,Costa Rica,1,0,0,1,1996,3,0,1657,0.0018105009052504525
49,Ecuador,1,0,0,1,1996,3,0,1657,0.0018105009052504525
49,Hong Kong,1,0,0,1,1996,3,0,1657,0.0018105009052504525
49,Syria,1,0,0,1,1996,3,0,1657,0.0018105009052504525
54,Argentina,0,2,1,3,1996,5,0,1657,0.0030175015087507543
55,Namibia,0,2,0,2,1996,4,0,1657,0.0024140012070006035
55,Slovenia,0,2,0,2,1996,4,0,1657,0.0024140012070006035
57,Austria,0,1,2,3,1996,4,0,1657,0.0024140012070006035
58,Malaysia,0,1,1,2,1996,3,0,1657,0.0018105009052504525
58,Moldova,0,1,1,2,1996,3,0,1657,0.0018105009052504525
58,Uzbekistan,0,1,1,2,1996,3,0,1657,0.0018105009052504525
61,Azerbaijan,0,1,0,1,1996,2,0,1657,0.0012070006035003018
61,Bahamas,0,1,0,1,1996,2,0,1657,0.0012070006035003018
61,Chinese Taipei,0,1,0,1,1996,2,0,1657,0.0012070006035003018
61,Latvia,0,1,0,1,1996,2,0,1657,0.0012070006035003018
61,Philippines,0,1,0,1,1996,2,0,1657,0.0012070006035003018
61,Tonga,0,1,0,1,1996,2,0,1657,0.0012070006035003018
61,Zambia,0,1,0,1,1996,2,0,1657,0.0012070006035003018
68,Georgia,0,0,2,2,1996,2,0,1657,0.0012070006035003018
68,Morocco,0,0,2,2,1996,2,0,1657,0.0012070006035003018
68,Trinidad and Tobago,0,0,2,2,1996,2,0,1657,0.0012070006035003018
71,India,0,0,1,1,1996,1,0,1657,0.0006035003017501509
71,Israel,0,0,1,1,1996,1,0,1657,0.0006035003017501509
71,Lithuania,0,0,1,1,1996,1,0,1657,0.0006035003017501509
71,Mexico,0,0,1,1,1996,1,0,1657,0.0006035003017501509
71,Mongolia,0,0,1,1,1996,1,0,1657,0.0006035003017501509
71,Mozambique,0,0,1,1,1996,1,0,1657,0.0006035003017501509
71,Puerto Rico,0,0,1,1,1996,1,0,1657,0.0006035003017501509
71,Tunisia,0,0,1,1,1996,1,0,1657,0.0006035003017501509
71,Uganda,0,0,1,1,1996,1,0,1657,0.0006035003017501509
1,United States,37,24,32,93,2000,191,0,1827,0.10454296661193213
2,Russia,32,28,29,89,2000,181,0,1827,0.09906951286261631
3,China,28,16,14,58,2000,130,0,1827,0.07115489874110564
4,Australia,16,25,17,58,2000,115,1,1827,0.06294471811713191
5,Germany,13,17,26,56,2000,99,0,1827,0.054187192118226604
6,France,13,14,11,38,2000,78,0,1827,0.042692939244663386
7,Italy,13,8,13,34,2000,68,0,1827,0.037219485495347565
8,Netherlands,12,9,4,25,2000,58,0,1827,0.031746031746031744
9,Cuba,11,11,7,29,2000,62,0,1827,0.03393541324575807
10,Great Britain,11,10,7,28,2000,60,0,1827,0.03284072249589491
11,Romania,11,6,9,26,2000,54,0,1827,0.029556650246305417
12,South Korea,8,10,10,28,2000,54,0,1827,0.029556650246305417
13,Hungary,8,6,3,17,2000,39,0,1827,0.021346469622331693
14,Poland,6,5,3,14,2000,31,0,1827,0.016967706622879036
15,Japan,5,8,5,18,2000,36,0,1827,0.019704433497536946
16,Bulgaria,5,6,2,13,2000,29,0,1827,0.015873015873015872
17,Greece,4,6,3,13,2000,27,0,1827,0.014778325123152709
18,Sweden,4,5,3,12,2000,25,0,1827,0.013683634373289545
19,Norway,4,3,3,10,2000,21,0,1827,0.011494252873563218
20,Ethiopia,4,1,3,8,2000,17,0,1827,0.009304871373836891
21,Ukraine,3,10,10,23,2000,39,0,1827,0.021346469622331693
22,Kazakhstan,3,4,0,7,2000,17,0,1827,0.009304871373836891
23,Belarus,3,3,11,17,2000,26,0,1827,0.014230979748221127
24,Canada,3,3,8,14,2000,23,0,1827,0.012588943623426382
25,Spain,3,3,5,11,2000,20,0,1827,0.010946907498631636
26,Turkey,3,0,2,5,2000,11,0,1827,0.0060207991242474
27,Iran,3,0,1,4,2000,10,0,1827,0.005473453749315818
28,Czech Republic,2,3,3,8,2000,15,0,1827,0.008210180623973728
29,Kenya,2,3,2,7,2000,14,0,1827,0.007662835249042145
30,Denmark,2,3,1,6,2000,13,0,1827,0.0071154898741105635
31,Finland,2,1,1,4,2000,9,0,1827,0.0049261083743842365
32,Austria,2,1,0,3,2000,8,0,1827,0.004378762999452655
33,Lithuania,2,0,3,5,2000,9,0,1827,0.0049261083743842365
34,Azerbaijan,2,0,1,3,2000,7,0,1827,0.0038314176245210726
34,Bahamas,2,0,1,3,2000,7,0,1827,0.0038314176245210726
36,Slovenia,2,0,0,2,2000,6,0,1827,0.003284072249589491
37,Switzerland,1,6,2,9,2000,17,0,1827,0.009304871373836891
38,Indonesia,1,3,2,6,2000,11,0,1827,0.0060207991242474
39,Slovakia,1,3,1,5,2000,10,0,1827,0.005473453749315818
40,Mexico,1,2,3,6,2000,10,0,1827,0.005473453749315818
41,Nigeria,1,2,0,3,2000,7,0,1827,0.0038314176245210726
42,Algeria,1,1,3,5,2000,8,0,1827,0.004378762999452655
43,Uzbekistan,1,1,2,4,2000,7,0,1827,0.0038314176245210726
44,FR Yugoslavia,1,1,1,3,2000,6,0,1827,0.003284072249589491
44,Latvia,1,1,1,3,2000,6,0,1827,0.003284072249589491
46,New Zealand,1,0,3,4,2000,6,0,1827,0.003284072249589491
47,Estonia,1,0,2,3,2000,5,0,1827,0.002736726874657909
47,Thailand,1,0,2,3,2000,5,0,1827,0.002736726874657909
49,Croatia,1,0,1,2,2000,4,0,1827,0.0021893814997263274
50,Cameroon,1,0,0,1,2000,3,0,1827,0.0016420361247947454
50,Colombia,1,0,0,1,2000,3,0,1827,0.0016420361247947454
50,Mozambique,1,0,0,1,2000,3,0,1827,0.0016420361247947454
53,Brazil,0,6,6,12,2000,18,0,1827,0.009852216748768473
54,Jamaica,0,6,3,9,2000,15,0,1827,0.008210180623973728
55,Belgium,0,2,3,5,2000,7,0,1827,0.0038314176245210726
55,South Africa,0,2,3,5,2000,7,0,1827,0.0038314176245210726
57,Argentina,0,2,2,4,2000,6,0,1827,0.003284072249589491
58,Chinese Taipei,0,1,4,5,2000,6,0,1827,0.003284072249589491
58,Morocco,0,1,4,5,2000,6,0,1827,0.003284072249589491
60,North Korea,0,1,3,4,2000,5,0,1827,0.002736726874657909
61,Moldova,0,1,1,2,2000,3,0,1827,0.0016420361247947454
61,Saudi Arabia,0,1,1,2,2000,3,0,1827,0.0016420361247947454
61,Trinidad and Tobago,0,1,1,2,2000,3,0,1827,0.0016420361247947454
64,Ireland,0,1,0,1,2000,2,0,1827,0.0010946907498631637
64,Sri Lanka,0,1,0,1,2000,2,0,1827,0.0010946907498631637
64,Uruguay,0,1,0,1,2000,2,0,1827,0.0010946907498631637
64,Vietnam,0,1,0,1,2000,2,0,1827,0.0010946907498631637
68,Georgia,0,0,6,6,2000,6,0,1827,0.003284072249589491
69,Costa Rica,0,0,2,2,2000,2,0,1827,0.0010946907498631637
69,Portugal,0,0,2,2,2000,2,0,1827,0.0010946907498631637
71,Armenia,0,0,1,1,2000,1,0,1827,0.0005473453749315818
71,Barbados,0,0,1,1,2000,1,0,1827,0.0005473453749315818
71,Chile,0,0,1,1,2000,1,0,1827,0.0005473453749315818
71,Iceland,0,0,1,1,2000,1,0,1827,0.0005473453749315818
71,India,0,0,1,1,2000,1,0,1827,0.0005473453749315818
71,Israel,0,0,1,1,2000,1,0,1827,0.0005473453749315818
71,Kuwait,0,0,1,1,2000,1,0,1827,0.0005473453749315818
71,Kyrgyzstan,0,0,1,1,2000,1,0,1827,0.0005473453749315818
71,Macedonia,0,0,1,1,2000,1,0,1827,0.0005473453749315818
71,Qatar,0,0,1,1,2000,1,0,1827,0.0005473453749315818
1,United States,36,39,26,101,2004,212,0,1828,0.11597374179431072
2,China,32,17,14,63,2004,144,0,1828,0.0787746170678337
3,Russia,28,26,36,90,2004,172,0,1828,0.09409190371991247
4,Australia,17,16,17,50,2004,100,0,1828,0.05470459518599562
5,Japan,16,9,12,37,2004,78,0,1828,0.04266958424507659
6,Germany,13,16,20,49,2004,91,0,1828,0.049781181619256015
7,France,11,9,13,33,2004,64,0,1828,0.0350109409190372
8,Italy,10,11,11,32,2004,63,0,1828,0.03446389496717724
9,South Korea,9,12,9,30,2004,60,0,1828,0.03282275711159737
10,Great Britain,9,9,12,30,2004,57,0,1828,0.031181619256017507
11,Cuba,9,7,11,27,2004,52,0,1828,0.028446389496717725
12,Hungary,8,6,3,17,2004,39,0,1828,0.021334792122538294
13,Ukraine,8,5,9,22,2004,43,0,1828,0.023522975929978117
14,Romania,8,5,6,19,2004,40,0,1828,0.02188183807439825
15,Greece,6,6,4,16,2004,34,1,1828,0.018599562363238512
16,Brazil,5,2,3,10,2004,22,0,1828,0.012035010940919038
17,Norway,5,0,1,6,2004,16,0,1828,0.0087527352297593
18,Netherlands,4,9,9,22,2004,39,0,1828,0.021334792122538294
19,Sweden,4,2,1,7,2004,17,0,1828,0.009299781181619256
20,Spain,3,11,6,20,2004,37,0,1828,0.02024070021881838
21,Canada,3,6,3,12,2004,24,0,1828,0.01312910284463895
22,Turkey,3,3,4,10,2004,19,0,1828,0.010393873085339168
23,Poland,3,2,5,10,2004,18,0,1828,0.009846827133479213
24,New Zealand,3,2,0,5,2004,13,0,1828,0.007111597374179431
25,Thailand,3,1,4,8,2004,15,0,1828,0.008205689277899343
26,Belarus,2,5,6,13,2004,22,0,1828,0.012035010940919038
27,Austria,2,4,1,7,2004,15,0,1828,0.008205689277899343
28,Ethiopia,2,3,2,7,2004,14,0,1828,0.007658643326039387
29,Iran,2,2,2,6,2004,12,0,1828,0.006564551422319475
29,Slovakia,2,2,2,6,2004,12,0,1828,0.006564551422319475
31,Chinese Taipei,2,2,1,5,2004,11,0,1828,0.006017505470459519
32,Georgia,2,2,0,4,2004,10,0,1828,0.005470459518599562
33,Bulgaria,2,1,9,12,2004,17,0,1828,0.009299781181619256
34,Denmark,2,1,5,8,2004,13,0,1828,0.007111597374179431
35,Jamaica,2,1,2,5,2004,10,0,1828,0.005470459518599562
35,Uzbekistan,2,1,2,5,2004,10,0,1828,0.005470459518599562
37,Morocco,2,1,0,3,2004,8,0,1828,0.00437636761487965
38,Argentina,2,0,4,6,2004,10,0,1828,0.005470459518599562
39,Chile,2,0,1,3,2004,7,0,1828,0.0038293216630196935
40,Kazakhstan,1,4,3,8,2004,14,0,1828,0.007658643326039387
41,Kenya,1,4,2,7,2004,13,0,1828,0.007111597374179431
42,Czech Republic,1,3,5,9,2004,14,0,1828,0.007658643326039387
43,South Africa,1,3,2,6,2004,11,0,1828,0.006017505470459519
44,Croatia,1,2,2,5,2004,9,0,1828,0.004923413566739606
45,Lithuania,1,2,0,3,2004,7,0,1828,0.0038293216630196935
46,Egypt,1,1,3,5,2004,8,0,1828,0.00437636761487965
46,Switzerland,1,1,3,5,2004,8,0,1828,0.00437636761487965
48,Indonesia,1,1,2,4,2004,7,0,1828,0.0038293216630196935
49,Zimbabwe,1,1,1,3,2004,6,0,1828,0.0032822757111597373
50,Azerbaijan,1,0,4,5,2004,7,0,1828,0.0038293216630196935
51,Belgium,1,0,2,3,2004,5,0,1828,0.002735229759299781
52,Bahamas,1,0,1,2,2004,4,0,1828,0.002188183807439825
52,Israel,1,0,1,2,2004,4,0,1828,0.002188183807439825
54,Cameroon,1,0,0,1,2004,3,0,1828,0.0016411378555798686
54,Dominican Republic,1,0,0,1,2004,3,0,1828,0.0016411378555798686
54,United Arab Emirates,1,0,0,1,2004,3,0,1828,0.0016411378555798686
57,North Korea,0,4,1,5,2004,9,0,1828,0.004923413566739606
58,Latvia,0,4,0,4,2004,8,0,1828,0.00437636761487965
59,Mexico,0,3,1,4,2004,7,0,1828,0.0038293216630196935
60,Portugal,0,2,1,3,2004,5,0,1828,0.002735229759299781
61,Finland,0,2,0,2,2004,4,0,1828,0.002188183807439825
61,Serbia and Montenegro,0,2,0,2,2004,4,0,1828,0.002188183807439825
63,Slovenia,0,1,3,4,2004,5,0,1828,0.002735229759299781
64,Estonia,0,1,2,3,2004,4,0,1828,0.002188183807439825
65,Hong Kong,0,1,0,1,2004,2,0,1828,0.0010940919037199124
65,India,0,1,0,1,2004,2,0,1828,0.0010940919037199124
65,Paraguay,0,1,0,1,2004,2,0,1828,0.0010940919037199124
68,Colombia,0,0,2,2,2004,2,0,1828,0.0010940919037199124
68,Nigeria,0,0,2,2,2004,2,0,1828,0.0010940919037199124
68,Venezuela,0,0,2,2,2004,2,0,1828,0.0010940919037199124
71,Eritrea,0,0,1,1,2004,1,0,1828,0.0005470459518599562
71,Mongolia,0,0,1,1,2004,1,0,1828,0.0005470459518599562
71,Syria,0,0,1,1,2004,1,0,1828,0.0005470459518599562
71,Trinidad and Tobago,0,0,1,1,2004,1,0,1828,0.0005470459518599562
1,China,48,22,30,100,2008,218,1,1865,0.11689008042895442
2,United States,36,39,37,112,2008,223,0,1865,0.1195710455764075
3,Russia,24,13,23,60,2008,121,0,1865,0.0648793565683646
4,Great Britain,19,13,19,51,2008,102,0,1865,0.054691689008042894
5,Germany,16,11,14,41,2008,84,0,1865,0.04504021447721179
6,Australia,14,15,17,46,2008,89,0,1865,0.04772117962466488
7,South Korea,13,11,8,32,2008,69,0,1865,0.036997319034852545
8,Japan,9,8,8,25,2008,51,0,1865,0.027345844504021447
9,Italy,8,9,10,27,2008,52,0,1865,0.027882037533512063
10,France,7,16,20,43,2008,73,0,1865,0.039142091152815014
11,Netherlands,7,5,4,16,2008,35,0,1865,0.01876675603217158
12,Ukraine,7,4,11,22,2008,40,0,1865,0.021447721179624665
13,Kenya,6,4,6,16,2008,32,0,1865,0.017158176943699734
14,Spain,5,11,3,19,2008,40,0,1865,0.021447721179624665
15,Jamaica,5,4,2,11,2008,25,0,1865,0.013404825737265416
16,Poland,4,5,2,11,2008,24,0,1865,0.012868632707774798
17,Ethiopia,4,2,1,7,2008,17,0,1865,0.009115281501340482
18,Romania,4,1,4,9,2008,18,0,1865,0.0096514745308311
19,Cuba,3,10,17,30,2008,46,0,1865,0.024664879356568366
20,Canada,3,9,8,20,2008,35,0,1865,0.01876675603217158
21,Hungary,3,5,2,10,2008,21,0,1865,0.011260053619302948
22,Norway,3,5,1,9,2008,20,0,1865,0.010723860589812333
23,Brazil,3,4,10,17,2008,27,0,1865,0.014477211796246649
24,Belarus,3,4,7,14,2008,24,0,1865,0.012868632707774798
25,Czech Republic,3,3,1,7,2008,16,0,1865,0.008579088471849867
26,Slovakia,3,3,0,6,2008,15,0,1865,0.00804289544235925
27,New Zealand,3,2,4,9,2008,17,0,1865,0.009115281501340482
28,Georgia,3,2,2,7,2008,15,0,1865,0.00804289544235925
29,Kazakhstan,2,3,4,9,2008,16,0,1865,0.008579088471849867
30,Denmark,2,2,3,7,2008,13,0,1865,0.006970509383378016
31,North Korea,2,2,2,6,2008,12,0,1865,0.006434316353887399
31,Thailand,2,2,2,6,2008,12,0,1865,0.006434316353887399
33,Mongolia,2,2,0,4,2008,10,0,1865,0.005361930294906166
34,Switzerland,2,1,4,7,2008,12,0,1865,0.006434316353887399
35,Argentina,2,0,4,6,2008,10,0,1865,0.005361930294906166
36,Mexico,2,0,2,4,2008,8,0,1865,0.004289544235924933
37,Belgium,2,0,0,2,2008,6,0,1865,0.0032171581769436996
38,Zimbabwe,1,3,0,4,2008,9,0,1865,0.00482573726541555
39,Slovenia,1,2,2,5,2008,9,0,1865,0.00482573726541555
40,Azerbaijan,1,1,4,6,2008,9,0,1865,0.00482573726541555
40,Indonesia,1,1,4,6,2008,9,0,1865,0.00482573726541555
42,Bulgaria,1,1,3,5,2008,8,0,1865,0.004289544235924933
42,Turkey,1,1,3,5,2008,8,0,1865,0.004289544235924933
44,Chinese Taipei,1,1,2,4,2008,7,0,1865,0.0037533512064343165
44,Finland,1,1,2,4,2008,7,0,1865,0.0037533512064343165
46,Latvia,1,1,1,3,2008,6,0,1865,0.0032171581769436996
47,Dominican Republic,1,1,0,2,2008,5,0,1865,0.002680965147453083
47,Estonia,1,1,0,2,2008,5,0,1865,0.002680965147453083
47,Portugal,1,1,0,2,2008,5,0,1865,0.002680965147453083
47,Trinidad and Tobago,1,1,0,2,2008,5,0,1865,0.002680965147453083
51,India,1,0,2,3,2008,5,0,1865,0.002680965147453083
52,Iran,1,0,1,2,2008,4,0,1865,0.0021447721179624667
53,Cameroon,1,0,0,1,2008,3,0,1865,0.0016085790884718498
53,Panama,1,0,0,1,2008,3,0,1865,0.0016085790884718498
53,Tunisia,1,0,0,1,2008,3,0,1865,0.0016085790884718498
56,Sweden,0,4,1,5,2008,9,0,1865,0.00482573726541555
57,Lithuania,0,3,2,5,2008,8,0,1865,0.004289544235924933
57,Nigeria,0,3,2,5,2008,8,0,1865,0.004289544235924933
59,Croatia,0,2,3,5,2008,7,0,1865,0.0037533512064343165
60,Colombia,0,2,1,3,2008,5,0,1865,0.002680965147453083
60,Greece,0,2,1,3,2008,5,0,1865,0.002680965147453083
62,Armenia,0,1,4,5,2008,6,0,1865,0.0032171581769436996
63,Uzbekistan,0,1,3,4,2008,5,0,1865,0.002680965147453083
64,Austria,0,1,2,3,2008,4,0,1865,0.0021447721179624667
64,Ireland,0,1,2,3,2008,4,0,1865,0.0021447721179624667
64,Kyrgyzstan,0,1,2,3,2008,4,0,1865,0.0021447721179624667
64,Serbia,0,1,2,3,2008,4,0,1865,0.0021447721179624667
68,Algeria,0,1,1,2,2008,3,0,1865,0.0016085790884718498
68,Bahamas,0,1,1,2,2008,3,0,1865,0.0016085790884718498
68,Morocco,0,1,1,2,2008,3,0,1865,0.0016085790884718498
68,Tajikistan,0,1,1,2,2008,3,0,1865,0.0016085790884718498
72,Chile,0,1,0,1,2008,2,0,1865,0.0010723860589812334
72,Ecuador,0,1,0,1,2008,2,0,1865,0.0010723860589812334
72,Iceland,0,1,0,1,2008,2,0,1865,0.0010723860589812334
72,Malaysia,0,1,0,1,2008,2,0,1865,0.0010723860589812334
72,Samoa,0,1,0,1,2008,2,0,1865,0.0010723860589812334
72,Singapore,0,1,0,1,2008,2,0,1865,0.0010723860589812334
72,South Africa,0,1,0,1,2008,2,0,1865,0.0010723860589812334
72,Sudan,0,1,0,1,2008,2,0,1865,0.0010723860589812334
72,Vietnam,0,1,0,1,2008,2,0,1865,0.0010723860589812334
81,Egypt,0,0,2,2,2008,2,0,1865,0.0010723860589812334
82,Afghanistan,0,0,1,1,2008,1,0,1865,0.0005361930294906167
82,Israel,0,0,1,1,2008,1,0,1865,0.0005361930294906167
82,Mauritius,0,0,1,1,2008,1,0,1865,0.0005361930294906167
82,Moldova,0,0,1,1,2008,1,0,1865,0.0005361930294906167
82,Togo,0,0,1,1,2008,1,0,1865,0.0005361930294906167
82,Venezuela,0,0,1,1,2008,1,0,1865,0.0005361930294906167
1,United States,48,26,30,104,2012,226,0,1871,0.1207910208444682
2,China,39,31,22,92,2012,201,0,1871,0.10742918225547836
3,Great Britain,29,18,18,65,2012,141,1,1871,0.07536076964190272
4,Russia,18,21,26,65,2012,122,0,1871,0.06520577231427044
5,South Korea,13,9,9,31,2012,66,0,1871,0.03527525387493319
6,Germany,11,20,13,44,2012,86,0,1871,0.04596472474612507
7,France,11,11,13,35,2012,68,0,1871,0.036344200962052375
8,Australia,8,15,12,35,2012,66,0,1871,0.03527525387493319
9,Italy,8,9,11,28,2012,53,0,1871,0.028327097808658473
10,Hungary,8,4,6,18,2012,38,0,1871,0.020309994655264563
11,Japan,7,14,17,38,2012,66,0,1871,0.03527525387493319
12,Iran,7,5,1,13,2012,32,0,1871,0.017103153393907
13,Netherlands,6,6,8,20,2012,38,0,1871,0.020309994655264563
14,New Zealand,6,2,5,13,2012,27,0,1871,0.014430785676109033
15,Ukraine,5,4,10,19,2012,33,0,1871,0.017637626937466594
16,Cuba,5,3,7,15,2012,28,0,1871,0.014965259219668627
17,Spain,4,10,6,20,2012,38,0,1871,0.020309994655264563
18,Jamaica,4,5,4,13,2012,26,0,1871,0.01389631213254944
19,Czech Republic,4,4,3,11,2012,23,0,1871,0.012292891501870658
20,South Africa,4,1,1,6,2012,15,0,1871,0.008017103153393906
21,North Korea,4,0,2,6,2012,14,0,1871,0.0074826296098343134
22,Brazil,3,5,9,17,2012,28,0,1871,0.014965259219668627
23,Kazakhstan,3,2,6,11,2012,19,0,1871,0.010154997327632281
23,Poland,3,2,6,11,2012,19,0,1871,0.010154997327632281
25,Ethiopia,3,2,3,8,2012,16,0,1871,0.0085515766969535
26,Croatia,3,1,2,6,2012,13,0,1871,0.00694815606627472
27,Canada,2,6,10,18,2012,28,0,1871,0.014965259219668627
28,Belarus,2,5,3,10,2012,19,0,1871,0.010154997327632281
29,Kenya,2,4,7,13,2012,21,0,1871,0.01122394441475147
30,Denmark,2,4,3,9,2012,17,0,1871,0.009086050240513094
31,Romania,2,4,1,7,2012,15,0,1871,0.008017103153393906
32,Azerbaijan,2,2,5,9,2012,15,0,1871,0.008017103153393906
33,Switzerland,2,2,0,4,2012,10,0,1871,0.005344735435595938
34,Norway,2,1,1,4,2012,9,0,1871,0.004810261892036344
35,Lithuania,2,0,3,5,2012,9,0,1871,0.004810261892036344
36,Tunisia,2,0,1,3,2012,7,0,1871,0.0037413148049171567
37,Sweden,1,4,3,8,2012,14,0,1871,0.0074826296098343134
38,Colombia,1,3,5,9,2012,14,0,1871,0.0074826296098343134
39,Mexico,1,3,4,8,2012,13,0,1871,0.00694815606627472
40,Georgia,1,2,3,6,2012,10,0,1871,0.005344735435595938
41,Ireland,1,1,4,6,2012,9,0,1871,0.004810261892036344
42,Argentina,1,1,2,4,2012,7,0,1871,0.0037413148049171567
42,Serbia,1,1,2,4,2012,7,0,1871,0.0037413148049171567
42,Slovenia,1,1,2,4,2012,7,0,1871,0.0037413148049171567
42,Trinidad and Tobago,1,1,2,4,2012,7,0,1871,0.0037413148049171567
46,Turkey,1,1,1,3,2012,6,0,1871,0.003206841261357563
47,Dominican Republic,1,1,0,2,2012,5,0,1871,0.002672367717797969
48,Chinese Taipei,1,0,1,2,2012,4,0,1871,0.002137894174238375
48,Latvia,1,0,1,2,2012,4,0,1871,0.002137894174238375
50,Algeria,1,0,0,1,2012,3,0,1871,0.0016034206306787815
50,Bahamas,1,0,0,1,2012,3,0,1871,0.0016034206306787815
50,Bahrain,1,0,0,1,2012,3,0,1871,0.0016034206306787815
50,Grenada,1,0,0,1,2012,3,0,1871,0.0016034206306787815
50,Uganda,1,0,0,1,2012,3,0,1871,0.0016034206306787815
50,Venezuela,1,0,0,1,2012,3,0,1871,0.0016034206306787815
56,Egypt,0,3,1,4,2012,7,0,1871,0.0037413148049171567
57,India,0,2,4,6,2012,8,0,1871,0.00427578834847675
58,Mongolia,0,2,3,5,2012,7,0,1871,0.0037413148049171567
59,Thailand,0,2,2,4,2012,6,0,1871,0.003206841261357563
60,Bulgaria,0,2,1,3,2012,5,0,1871,0.002672367717797969
60,Finland,0,2,1,3,2012,5,0,1871,0.002672367717797969
60,Indonesia,0,2,1,3,2012,5,0,1871,0.002672367717797969
63,Slovakia,0,1,3,4,2012,5,0,1871,0.002672367717797969
64,Belgium,0,1,2,3,2012,4,0,1871,0.002137894174238375
65,Armenia,0,1,1,2,2012,3,0,1871,0.0016034206306787815
65,Estonia,0,1,1,2,2012,3,0,1871,0.0016034206306787815
65,Malaysia,0,1,1,2,2012,3,0,1871,0.0016034206306787815
65,Puerto Rico,0,1,1,2,2012,3,0,1871,0.0016034206306787815
65,Qatar,0,1,1,2,2012,3,0,1871,0.0016034206306787815
70,Botswana,0,1,0,1,2012,2,0,1871,0.0010689470871191875
70,Cyprus,0,1,0,1,2012,2,0,1871,0.0010689470871191875
70,Gabon,0,1,0,1,2012,2,0,1871,0.0010689470871191875
70,Guatemala,0,1,0,1,2012,2,0,1871,0.0010689470871191875
70,Montenegro,0,1,0,1,2012,2,0,1871,0.0010689470871191875
70,Portugal,0,1,0,1,2012,2,0,1871,0.0010689470871191875
76,Uzbekistan,0,0,3,3,2012,3,0,1871,0.0016034206306787815
77,Greece,0,0,2,2,2012,2,0,1871,0.0010689470871191875
77,Singapore,0,0,2,2,2012,2,0,1871,0.0010689470871191875
79,Afghanistan,0,0,1,1,2012,1,0,1871,0.0005344735435595938
79,Cameroon,0,0,1,1,2012,1,0,1871,0.0005344735435595938
79,Hong Kong,0,0,1,1,2012,1,0,1871,0.0005344735435595938
79,Kuwait,0,0,1,1,2012,1,0,1871,0.0005344735435595938
79,Morocco,0,0,1,1,2012,1,0,1871,0.0005344735435595938
79,Saudi Arabia,0,0,1,1,2012,1,0,1871,0.0005344735435595938
79,Tajikistan,0,0,1,1,2012,1,0,1871,0.0005344735435595938
79,Vietnam,0,0,1,1,2012,1,0,1871,0.0005344735435595938
1,United States,46,37,38,121,2016,250,0,1891,0.13220518244315177
2,Great Britain,27,23,17,67,2016,144,0,1891,0.07615018508725542
3,China,26,18,26,70,2016,140,0,1891,0.074034902168165
4,Russia,19,17,20,56,2016,111,0,1891,0.058699101004759384
5,Germany,17,10,15,42,2016,86,0,1891,0.04547858276044421
6,Japan,12,8,21,41,2016,73,0,1891,0.03860391327340032
7,France,10,18,14,42,2016,80,0,1891,0.04230565838180857
8,South Korea,9,3,9,21,2016,42,0,1891,0.0222104706504495
9,Italy,8,12,8,28,2016,56,0,1891,0.029613960867265997
10,Australia,8,11,10,29,2016,56,0,1891,0.029613960867265997
11,Netherlands,8,7,4,19,2016,42,0,1891,0.0222104706504495
12,Hungary,8,3,4,15,2016,34,0,1891,0.017979904812268643
13,Brazil,7,6,6,19,2016,39,1,1891,0.020624008461131677
14,Spain,7,4,6,17,2016,35,0,1891,0.01850872554204125
15,Kenya,6,6,1,13,2016,31,0,1891,0.01639344262295082
16,Jamaica,6,3,2,11,2016,26,0,1891,0.013749338974087784
17,Croatia,5,3,2,10,2016,23,0,1891,0.012162876784769964
18,Cuba,5,2,4,11,2016,23,0,1891,0.012162876784769964
19,New Zealand,4,9,5,18,2016,35,0,1891,0.01850872554204125
20,Canada,4,3,15,22,2016,33,0,1891,0.017451084082496033
21,Uzbekistan,4,2,7,13,2016,23,0,1891,0.012162876784769964
22,Colombia,3,2,3,8,2016,16,0,1891,0.008461131676361713
23,Switzerland,3,2,2,7,2016,15,0,1891,0.007932310946589107
24,Iran,3,1,4,8,2016,15,0,1891,0.007932310946589107
25,Greece,3,1,2,6,2016,13,0,1891,0.006874669487043892
26,Argentina,3,1,0,4,2016,11,0,1891,0.005817028027498678
27,Denmark,2,6,7,15,2016,25,0,1891,0.013220518244315178
28,Sweden,2,6,3,11,2016,21,0,1891,0.01110523532522475
29,South Africa,2,6,2,10,2016,20,0,1891,0.010576414595452142
30,Kazakhstan,2,5,10,17,2016,26,0,1891,0.013749338974087784
31,Ukraine,2,5,4,11,2016,20,0,1891,0.010576414595452142
32,Serbia,2,4,2,8,2016,16,0,1891,0.008461131676361713
33,Poland,2,3,6,11,2016,18,0,1891,0.009518773135906928
34,North Korea,2,3,2,7,2016,14,0,1891,0.007403490216816499
35,Belgium,2,2,2,6,2016,12,0,1891,0.006345848757271285
35,Thailand,2,2,2,6,2016,12,0,1891,0.006345848757271285
37,Slovakia,2,2,0,4,2016,10,0,1891,0.005288207297726071
38,Georgia,2,1,4,7,2016,12,0,1891,0.006345848757271285
39,Azerbaijan,1,7,10,18,2016,27,0,1891,0.014278159703860392
40,Belarus,1,4,4,9,2016,15,0,1891,0.007932310946589107
41,Turkey,1,3,4,8,2016,13,0,1891,0.006874669487043892
42,Armenia,1,3,0,4,2016,9,0,1891,0.004759386567953464
43,Czech Republic,1,2,7,10,2016,14,0,1891,0.007403490216816499
44,Ethiopia,1,2,5,8,2016,12,0,1891,0.006345848757271285
45,Slovenia,1,2,1,4,2016,8,0,1891,0.004230565838180857
46,Indonesia,1,2,0,3,2016,7,0,1891,0.0037017451084082496
47,Romania,1,1,2,4,2016,7,0,1891,0.0037017451084082496
48,Bahrain,1,1,0,2,2016,5,0,1891,0.0026441036488630354
48,Vietnam,1,1,0,2,2016,5,0,1891,0.0026441036488630354
50,Chinese Taipei,1,0,2,3,2016,5,0,1891,0.0026441036488630354
51,Bahamas,1,0,1,2,2016,4,0,1891,0.0021152829190904283
51,Independent Olympic Athletes,1,0,1,2,2016,4,0,1891,0.0021152829190904283
51,Ivory Coast,1,0,1,2,2016,4,0,1891,0.0021152829190904283
54,Fiji,1,0,0,1,2016,3,0,1891,0.0015864621893178213
54,Jordan,1,0,0,1,2016,3,0,1891,0.0015864621893178213
54,Kosovo,1,0,0,1,2016,3,0,1891,0.0015864621893178213
54,Puerto Rico,1,0,0,1,2016,3,0,1891,0.0015864621893178213
54,Singapore,1,0,0,1,2016,3,0,1891,0.0015864621893178213
54,Tajikistan,1,0,0,1,2016,3,0,1891,0.0015864621893178213
60,Malaysia,0,4,1,5,2016,9,0,1891,0.004759386567953464
61,Mexico,0,3,2,5,2016,8,0,1891,0.004230565838180857
62,Venezuela,0,2,1,3,2016,5,0,1891,0.0026441036488630354
63,Algeria,0,2,0,2,2016,4,0,1891,0.0021152829190904283
63,Ireland,0,2,0,2,2016,4,0,1891,0.0021152829190904283
65,Lithuania,0,1,3,4,2016,5,0,1891,0.0026441036488630354
66,Bulgaria,0,1,2,3,2016,4,0,1891,0.0021152829190904283
67,India,0,1,1,2,2016,3,0,1891,0.0015864621893178213
67,Mongolia,0,1,1,2,2016,3,0,1891,0.0015864621893178213
69,Burundi,0,1,0,1,2016,2,0,1891,0.0010576414595452142
69,Grenada,0,1,0,1,2016,2,0,1891,0.0010576414595452142
69,Niger,0,1,0,1,2016,2,0,1891,0.0010576414595452142
69,Philippines,0,1,0,1,2016,2,0,1891,0.0010576414595452142
69,Qatar,0,1,0,1,2016,2,0,1891,0.0010576414595452142
74,Norway,0,0,4,4,2016,4,0,1891,0.0021152829190904283
75,Egypt,0,0,3,3,2016,3,0,1891,0.0015864621893178213
75,Tunisia,0,0,3,3,2016,3,0,1891,0.0015864621893178213
77,Israel,0,0,2,2,2016,2,0,1891,0.0010576414595452142
78,Austria,0,0,1,1,2016,1,0,1891,0.0005288207297726071
78,Dominican Republic,0,0,1,1,2016,1,0,1891,0.0005288207297726071
78,Estonia,0,0,1,1,2016,1,0,1891,0.0005288207297726071
78,Finland,0,0,1,1,2016,1,0,1891,0.0005288207297726071
78,Morocco,0,0,1,1,2016,1,0,1891,0.0005288207297726071
78,Nigeria,0,0,1,1,2016,1,0,1891,0.0005288207297726071
78,Portugal,0,0,1,1,2016,1,0,1891,0.0005288207297726071
78,Trinidad and Tobago,0,0,1,1,2016,1,0,1891,0.0005288207297726071
78,United Arab Emirates,0,0,1,1,2016,1,0,1891,0.0005288207297726071
1,United States,39,41,33,113,2020,232,0,2098,0.11058150619637751
2,China,38,32,19,89,2020,197,0,2098,0.09389895138226882
3,Japan,27,14,17,58,2020,126,1,2098,0.06005719733079123
4,Great Britain,22,20,22,64,2020,128,0,2098,0.061010486177311724
5,ROC,20,28,23,71,2020,139,0,2098,0.06625357483317446
6,Australia,17,7,22,46,2020,87,0,2098,0.041468064823641564
7,Netherlands,10,12,14,36,2020,68,0,2098,0.032411820781696854
8,France,10,12,11,33,2020,65,0,2098,0.03098188751191611
9,Germany,10,11,16,37,2020,68,0,2098,0.032411820781696854
10,Italy,10,10,20,40,2020,70,0,2098,0.03336510962821735
11,Canada,7,7,10,24,2020,45,0,2098,0.021448999046711152
12,Brazil,7,6,8,21,2020,41,0,2098,0.019542421353670163
13,New Zealand,7,6,7,20,2020,40,0,2098,0.019065776930409915
14,Cuba,7,3,5,15,2020,32,0,2098,0.015252621544327931
15,Hungary,6,7,7,20,2020,39,0,2098,0.018589132507149667
16,South Korea,6,4,10,20,2020,36,0,2098,0.017159199237368923
17,Poland,4,5,5,14,2020,27,0,2098,0.012869399428026692
18,Czech Republic,4,4,3,11,2020,23,0,2098,0.0109628217349857
19,Kenya,4,4,2,10,2020,22,0,2098,0.010486177311725452
20,Norway,4,2,2,8,2020,18,0,2098,0.008579599618684462
21,Jamaica,4,1,4,9,2020,18,0,2098,0.008579599618684462
22,Spain,3,8,6,17,2020,31,0,2098,0.014775977121067683
23,Sweden,3,6,0,9,2020,21,0,2098,0.010009532888465206
24,Switzerland,3,4,6,13,2020,23,0,2098,0.0109628217349857
25,Denmark,3,4,4,11,2020,21,0,2098,0.010009532888465206
26,Croatia,3,3,2,8,2020,17,0,2098,0.008102955195424213
27,Iran,3,2,2,7,2020,15,0,2098,0.007149666348903718
28,Serbia,3,1,5,9,2020,16,0,2098,0.0076263107721639654
29,Belgium,3,1,3,7,2020,14,0,2098,0.00667302192564347
30,Bulgaria,3,1,2,6,2020,13,0,2098,0.006196377502383222
31,Slovenia,3,1,1,5,2020,12,0,2098,0.005719733079122974
32,Uzbekistan,3,0,2,5,2020,11,0,2098,0.005243088655862726
33,Georgia,2,5,1,8,2020,17,0,2098,0.008102955195424213
34,Chinese Taipei,2,4,6,12,2020,20,0,2098,0.009532888465204958
35,Turkey,2,2,9,13,2020,19,0,2098,0.00905624404194471
36,Greece,2,1,1,4,2020,9,0,2098,0.004289799809342231
36,Uganda,2,1,1,4,2020,9,0,2098,0.004289799809342231
38,Ecuador,2,1,0,3,2020,8,0,2098,0.0038131553860819827
39,Ireland,2,0,2,4,2020,8,0,2098,0.0038131553860819827
39,Israel,2,0,2,4,2020,8,0,2098,0.0038131553860819827
41,Qatar,2,0,1,3,2020,7,0,2098,0.003336510962821735
42,Bahamas,2,0,0,2,2020,6,0,2098,0.002859866539561487
42,Kosovo,2,0,0,2,2020,6,0,2098,0.002859866539561487
44,Ukraine,1,6,12,19,2020,27,0,2098,0.012869399428026692
45,Belarus,1,3,3,7,2020,12,0,2098,0.005719733079122974
46,Romania,1,3,0,4,2020,9,0,2098,0.004289799809342231
46,Venezuela,1,3,0,4,2020,9,0,2098,0.004289799809342231
48,India,1,2,4,7,2020,11,0,2098,0.005243088655862726
49,Hong Kong,1,2,3,6,2020,10,0,2098,0.004766444232602479
50,Philippines,1,2,1,4,2020,8,0,2098,0.0038131553860819827
50,Slovakia,1,2,1,4,2020,8,0,2098,0.0038131553860819827
52,South Africa,1,2,0,3,2020,7,0,2098,0.003336510962821735
53,Austria,1,1,5,7,2020,10,0,2098,0.004766444232602479
54,Egypt,1,1,4,6,2020,9,0,2098,0.004289799809342231
55,Indonesia,1,1,3,5,2020,8,0,2098,0.0038131553860819827
56,Ethiopia,1,1,2,4,2020,7,0,2098,0.003336510962821735
56,Portugal,1,1,2,4,2020,7,0,2098,0.003336510962821735
58,Tunisia,1,1,0,2,2020,5,0,2098,0.0023832221163012394
59,Estonia,1,0,1,2,2020,4,0,2098,0.0019065776930409914
59,Fiji,1,0,1,2,2020,4,0,2098,0.0019065776930409914
59,Latvia,1,0,1,2,2020,4,0,2098,0.0019065776930409914
59,Thailand,1,0,1,2,2020,4,0,2098,0.0019065776930409914
63,Bermuda,1,0,0,1,2020,3,0,2098,0.0014299332697807435
63,Morocco,1,0,0,1,2020,3,0,2098,0.0014299332697807435
63,Puerto Rico,1,0,0,1,2020,3,0,2098,0.0014299332697807435
66,Colombia,0,4,1,5,2020,9,0,2098,0.004289799809342231
67,Azerbaijan,0,3,4,7,2020,10,0,2098,0.004766444232602479
68,Dominican Republic,0,3,2,5,2020,8,0,2098,0.0038131553860819827
69,Armenia,0,2,2,4,2020,6,0,2098,0.002859866539561487
70,Kyrgyzstan,0,2,1,3,2020,5,0,2098,0.0023832221163012394
71,Mongolia,0,1,3,4,2020,5,0,2098,0.0023832221163012394
72,Argentina,0,1,2,3,2020,4,0,2098,0.0019065776930409914
72,San Marino,0,1,2,3,2020,4,0,2098,0.0019065776930409914
74,Jordan,0,1,1,2,2020,3,0,2098,0.0014299332697807435
74,Malaysia,0,1,1,2,2020,3,0,2098,0.0014299332697807435
74,Nigeria,0,1,1,2,2020,3,0,2098,0.0014299332697807435
77,Bahrain,0,1,0,1,2020,2,0,2098,0.0009532888465204957
77,Lithuania,0,1,0,1,2020,2,0,2098,0.0009532888465204957
77,Namibia,0,1,0,1,2020,2,0,2098,0.0009532888465204957
77,North Macedonia,0,1,0,1,2020,2,0,2098,0.0009532888465204957
77,Saudi Arabia,0,1,0,1,2020,2,0,2098,0.0009532888465204957
77,Turkmenistan,0,1,0,1,2020,2,0,2098,0.0009532888465204957
83,Kazakhstan,0,0,8,8,2020,8,0,2098,0.0038131553860819827
84,Mexico,0,0,4,4,2020,4,0,2098,0.0019065776930409914
85,Finland,0,0,2,2,2020,2,0,2098,0.0009532888465204957
86,Botswana,0,0,1,1,2020,1,0,2098,0.00047664442326024784
86,Burkina Faso,0,0,1,1,2020,1,0,2098,0.00047664442326024784
86,Ghana,0,0,1,1,2020,1,0,2098,0.00047664442326024784
86,Grenada,0,0,1,1,2020,1,0,2098,0.00047664442326024784
86,Ivory Coast,0,0,1,1,2020,1,0,2098,0.00047664442326024784
86,Kuwait,0,0,1,1,2020,1,0,2098,0.00047664442326024784
86,Moldova,0,0,1,1,2020,1,0,2098,0.00047664442326024784
86,Syria,0,0,1,1,2020,1,0,2098,0.00047664442326024784
1,United States,40,44,42,126,2024,250,0,2022,0.12363996043521266
2,China,40,27,24,91,2024,198,0,2022,0.09792284866468842
3,Japan,20,12,13,45,2024,97,0,2022,0.04797230464886251
4,Australia,18,19,16,53,2024,108,0,2022,0.05341246290801187
5,France,16,26,22,64,2024,122,1,2022,0.06033630069238378
6,Netherlands,15,7,12,34,2024,71,0,2022,0.0351137487636004
7,Great Britain,14,22,29,65,2024,115,0,2022,0.056874381800197826
8,South Korea,13,9,10,32,2024,67,0,2022,0.033135509396636995
9,Italy,12,13,15,40,2024,77,0,2022,0.0380811078140455
10,Germany,12,13,8,33,2024,70,0,2022,0.03461918892185954
11,New Zealand,10,7,3,20,2024,47,0,2022,0.02324431256181998
12,Canada,9,7,11,27,2024,52,0,2022,0.025717111770524232
13,Uzbekistan,8,2,3,13,2024,31,0,2022,0.01533135509396637
14,Hungary,6,7,6,19,2024,38,0,2022,0.018793273986152326
15,Spain,5,4,9,18,2024,32,0,2022,0.01582591493570722
16,Sweden,4,4,3,11,2024,23,0,2022,0.011374876360039565
17,Kenya,4,2,5,11,2024,21,0,2022,0.010385756676557863
18,Norway,4,1,3,8,2024,17,0,2022,0.008407517309594461
19,Ireland,4,0,3,7,2024,15,0,2022,0.00741839762611276
20,Brazil,3,7,10,20,2024,33,0,2022,0.016320474777448073
21,Iran,3,6,3,12,2024,24,0,2022,0.011869436201780416
22,Ukraine,3,5,4,12,2024,23,0,2022,0.011374876360039565
23,Romania,3,4,2,9,2024,19,0,2022,0.009396636993076163
24,Georgia,3,3,1,7,2024,16,0,2022,0.00791295746785361
25,Belgium,3,1,6,10,2024,17,0,2022,0.008407517309594461
26,Bulgaria,3,1,3,7,2024,14,0,2022,0.006923837784371909
27,Serbia,3,1,1,5,2024,12,0,2022,0.005934718100890208
28,Czech Republic,3,0,2,5,2024,11,0,2022,0.005440158259149357
29,Denmark,2,2,5,9,2024,15,0,2022,0.00741839762611276
30,Azerbaijan,2,2,3,7,2024,13,0,2022,0.006429277942631058
30,Croatia,2,2,3,7,2024,13,0,2022,0.006429277942631058
32,Cuba,2,1,6,9,2024,14,0,2022,0.006923837784371909
33,Bahrain,2,1,1,4,2024,9,0,2022,0.004451038575667656
34,Slovenia,2,1,0,3,2024,8,0,2022,0.003956478733926805
35,Chinese Taipei,2,0,5,7,2024,11,0,2022,0.005440158259149357
36,Austria,2,0,3,5,2024,9,0,2022,0.004451038575667656
37,Hong Kong,2,0,2,4,2024,8,0,2022,0.003956478733926805
37,Philippines,2,0,2,4,2024,8,0,2022,0.003956478733926805
39,Algeria,2,0,1,3,2024,7,0,2022,0.0034619188921859545
39,Indonesia,2,0,1,3,2024,7,0,2022,0.0034619188921859545
41,Israel,1,5,1,7,2024,14,0,2022,0.006923837784371909
42,Poland,1,4,5,10,2024,16,0,2022,0.00791295746785361
43,Kazakhstan,1,3,3,7,2024,12,0,2022,0.005934718100890208
44,Jamaica,1,3,2,6,2024,11,0,2022,0.005440158259149357
44,South Africa,1,3,2,6,2024,11,0,2022,0.005440158259149357
44,Thailand,1,3,2,6,2024,11,0,2022,0.005440158259149357
47,Ethiopia,1,3,0,4,2024,9,0,2022,0.004451038575667656
48,Switzerland,1,2,5,8,2024,12,0,2022,0.005934718100890208
49,Ecuador,1,2,2,5,2024,9,0,2022,0.004451038575667656
50,Portugal,1,2,1,4,2024,8,0,2022,0.003956478733926805
51,Greece,1,1,6,8,2024,11,0,2022,0.005440158259149357
52,Argentina,1,1,1,3,2024,6,0,2022,0.002967359050445104
52,Egypt,1,1,1,3,2024,6,0,2022,0.002967359050445104
52,Tunisia,1,1,1,3,2024,6,0,2022,0.002967359050445104
55,Botswana,1,1,0,2,2024,5,0,2022,0.002472799208704253
55,Chile,1,1,0,2,2024,5,0,2022,0.002472799208704253
55,Saint Lucia,1,1,0,2,2024,5,0,2022,0.002472799208704253
55,Uganda,1,1,0,2,2024,5,0,2022,0.002472799208704253
59,Dominican Republic,1,0,2,3,2024,5,0,2022,0.002472799208704253
60,Guatemala,1,0,1,2,2024,4,0,2022,0.0019782393669634025
60,Morocco,1,0,1,2,2024,4,0,2022,0.0019782393669634025
62,Dominica,1,0,0,1,2024,3,0,2022,0.001483679525222552
62,Pakistan,1,0,0,1,2024,3,0,2022,0.001483679525222552
64,Turkey,0,3,5,8,2024,11,0,2022,0.005440158259149357
65,Mexico,0,3,2,5,2024,8,0,2022,0.003956478733926805
66,Armenia,0,3,1,4,2024,7,0,2022,0.0034619188921859545
66,Colombia,0,3,1,4,2024,7,0,2022,0.0034619188921859545
68,Kyrgyzstan,0,2,4,6,2024,8,0,2022,0.003956478733926805
68,North Korea,0,2,4,6,2024,8,0,2022,0.003956478733926805
70,Lithuania,0,2,2,4,2024,6,0,2022,0.002967359050445104
71,India,0,1,5,6,2024,7,0,2022,0.0034619188921859545
72,Moldova,0,1,3,4,2024,5,0,2022,0.002472799208704253
73,Kosovo,0,1,1,2,2024,3,0,2022,0.001483679525222552
74,Cyprus,0,1,0,1,2024,2,0,2022,0.0009891196834817012
74,Fiji,0,1,0,1,2024,2,0,2022,0.0009891196834817012
74,Jordan,0,1,0,1,2024,2,0,2022,0.0009891196834817012
74,Mongolia,0,1,0,1,2024,2,0,2022,0.0009891196834817012
74,Panama,0,1,0,1,2024,2,0,2022,0.0009891196834817012
79,Tajikistan,0,0,3,3,2024,3,0,2022,0.001483679525222552
80,Albania,0,0,2,2,2024,2,0,2022,0.0009891196834817012
80,Grenada,0,0,2,2,2024,2,0,2022,0.0009891196834817012
80,Malaysia,0,0,2,2,2024,2,0,2022,0.0009891196834817012
80,Puerto Rico,0,0,2,2,2024,2,0,2022,0.0009891196834817012
84,Cabo Verde,0,0,1,1,2024,1,0,2022,0.0004945598417408506
84,Ivory Coast,0,0,1,1,2024,1,0,2022,0.0004945598417408506
84,Peru,0,0,1,1,2024,1,0,2022,0.0004945598417408506
84,Qatar,0,0,1,1,2024,1,0,2022,0.0004945598417408506
84,Refugee Olympic Team,0,0,1,1,2024,1,0,2022,0.0004945598417408506
84,Singapore,0,0,1,1,2024,1,0,2022,0.0004945598417408506
84,Slovakia,0,0,1,1,2024,1,0,2022,0.0004945598417408506
84,Zambia,0,0,1,1,2024,1,0,2022,0.0004945598417408506
