Rank,NOC,Gold,Silver,Bronze,Total,Year,Total Score,Is Host,Yearly Total Score
1,United States,11,7,2,20,1896,49,0,251
2,Greece,10,18,19,47,1896,85,1,251
3,Germany,6,5,2,13,1896,30,0,251
4,France,5,4,2,11,1896,25,0,251
5,Great Britain,2,3,2,7,1896,14,0,251
6,Hungary,2,1,3,6,1896,11,0,251
7,Austria,2,1,2,5,1896,10,0,251
8,Australia,2,0,0,2,1896,6,0,251
9,Denmark,1,2,3,6,1896,10,0,251
10,Switzerland,1,2,0,3,1896,7,0,251
11,Mixed team,1,0,1,2,1896,4,0,251
1,France,27,39,37,103,1900,196,1,571
2,United States,19,14,15,48,1900,100,0,571
3,Great Britain,15,7,9,31,1900,68,0,571
4,Mixed team,8,5,6,19,1900,40,0,571
5,Belgium,6,7,4,17,1900,36,0,571
6,Switzerland,6,2,1,9,1900,23,0,571
7,Germany,4,3,2,9,1900,20,0,571
8,Italy,3,2,0,5,1900,13,0,571
9,Australia,2,0,3,5,1900,9,0,571
10,Denmark,1,3,2,6,1900,11,0,571
11,Hungary,1,2,2,5,1900,9,0,571
12,Cuba,1,1,0,2,1900,5,0,571
13,Canada,1,0,1,2,1900,4,0,571
14,Spain,1,0,0,1,1900,3,0,571
14,Luxembourg,1,0,0,1,1900,3,0,571
16,Austria,0,3,3,6,1900,9,0,571
17,Norway,0,2,3,5,1900,7,0,571
17,Netherlands,0,2,3,5,1900,7,0,571
19,India,0,2,0,2,1900,4,0,571
20,Bohemia,0,1,1,2,1900,3,0,571
21,Sweden,0,0,1,1,1900,1,0,571
1,United States,76,78,77,231,1904,461,1,566
2,Germany,4,5,6,15,1904,28,0,566
3,Canada,4,1,1,6,1904,15,0,566
4,Cuba,3,0,0,3,1904,9,0,566
5,Hungary,2,1,1,4,1904,9,0,566
5,Mixed team,2,1,1,4,1904,9,0,566
7,Norway,2,0,0,2,1904,6,0,566
8,Austria,1,1,1,3,1904,6,0,566
9,Great Britain,1,1,0,2,1904,5,0,566
10,Switzerland,1,0,2,3,1904,5,0,566
11,Greece,1,0,1,2,1904,4,0,566
12,Australia,0,3,1,4,1904,7,0,566
13,France,0,1,0,1,1904,2,0,566
1,Great Britain,56,51,39,146,1908,309,1,651
2,United States,23,12,12,47,1908,105,0,651
3,Sweden,8,6,11,25,1908,47,0,651
4,France,5,5,9,19,1908,34,0,651
5,Germany,3,5,5,13,1908,24,0,651
6,Hungary,3,4,2,9,1908,19,0,651
7,Canada,3,3,10,16,1908,25,0,651
8,Norway,2,3,3,8,1908,15,0,651
9,Italy,2,2,0,4,1908,10,0,651
10,Belgium,1,5,2,8,1908,15,0,651
11,Australasia,1,2,2,5,1908,9,0,651
12,Russian Empire,1,2,0,3,1908,7,0,651
13,Finland,1,1,3,5,1908,8,0,651
14,South Africa,1,1,0,2,1908,5,0,651
15,Greece,0,3,1,4,1908,7,0,651
16,Denmark,0,2,3,5,1908,7,0,651
17,Bohemia,0,0,2,2,1908,2,0,651
17,Netherlands,0,0,2,2,1908,2,0,651
19,Austria,0,0,1,1,1908,1,0,651
1,United States,26,19,19,64,1912,135,0,622
2,Sweden,23,25,17,65,1912,136,1,622
3,Great Britain,10,15,16,41,1912,76,0,622
4,Finland,9,8,9,26,1912,52,0,622
5,France,7,4,3,14,1912,32,0,622
6,Germany,5,13,7,25,1912,48,0,622
7,South Africa,4,2,0,6,1912,16,0,622
8,Norway,3,2,5,10,1912,18,0,622
9,Canada,3,2,3,8,1912,16,0,622
9,Hungary,3,2,3,8,1912,16,0,622
11,Italy,3,1,2,6,1912,13,0,622
12,Australasia,2,2,3,7,1912,13,0,622
13,Belgium,2,1,3,6,1912,11,0,622
14,Denmark,1,6,5,12,1912,20,0,622
15,Greece,1,0,1,2,1912,4,0,622
16,Russian Empire,0,2,3,5,1912,7,0,622
17,Austria,0,2,2,4,1912,6,0,622
18,Netherlands,0,0,3,3,1912,3,0,622
1,United States,41,27,27,95,1920,204,0,895
2,Sweden,19,20,25,64,1920,122,0,895
3,Finland,15,10,9,34,1920,74,0,895
4,Great Britain,14,15,13,42,1920,85,0,895
5,Belgium,14,11,11,36,1920,75,1,895
6,Norway,13,9,9,31,1920,66,0,895
7,Italy,13,5,5,23,1920,54,0,895
8,France,9,19,13,41,1920,78,0,895
9,Netherlands,4,2,5,11,1920,21,0,895
10,Denmark,3,9,1,13,1920,28,0,895
11,South Africa,3,4,3,10,1920,20,0,895
12,Canada,3,3,3,9,1920,18,0,895
13,Switzerland,2,2,7,11,1920,17,0,895
14,Estonia,1,2,0,3,1920,7,0,895
15,Brazil,1,1,1,3,1920,6,0,895
16,Australia,0,2,1,3,1920,5,0,895
17,Japan,0,2,0,2,1920,4,0,895
17,Spain,0,2,0,2,1920,4,0,895
19,Greece,0,1,0,1,1920,2,0,895
19,Luxembourg,0,1,0,1,1920,2,0,895
21,Czechoslovakia,0,0,2,2,1920,2,0,895
22,New Zealand,0,0,1,1,1920,1,0,895
1,United States,45,27,27,99,1924,216,0,757
2,Finland,14,13,10,37,1924,78,0,757
3,France,13,15,10,38,1924,79,1,757
4,Great Britain,9,13,12,34,1924,65,0,757
5,Italy,8,3,5,16,1924,35,0,757
6,Switzerland,7,8,10,25,1924,47,0,757
7,Norway,5,2,3,10,1924,22,0,757
8,Sweden,4,13,12,29,1924,50,0,757
9,Netherlands,4,1,5,10,1924,19,0,757
10,Belgium,3,7,3,13,1924,26,0,757
11,Australia,3,1,2,6,1924,13,0,757
12,Denmark,2,5,2,9,1924,18,0,757
13,Hungary,2,3,4,9,1924,16,0,757
14,Yugoslavia,2,0,0,2,1924,6,0,757
15,Czechoslovakia,1,4,5,10,1924,16,0,757
16,Argentina,1,3,2,6,1924,11,0,757
17,Estonia,1,1,4,6,1924,9,0,757
18,South Africa,1,1,1,3,1924,6,0,757
19,Uruguay,1,0,0,1,1924,3,0,757
20,Austria,0,3,1,4,1924,7,0,757
20,Canada,0,3,1,4,1924,7,0,757
22,Poland,0,1,1,2,1924,3,0,757
23,Haiti,0,0,1,1,1924,1,0,757
23,Japan,0,0,1,1,1924,1,0,757
23,New Zealand,0,0,1,1,1924,1,0,757
23,Portugal,0,0,1,1,1924,1,0,757
23,Romania,0,0,1,1,1924,1,0,757
1,United States,22,18,16,56,1928,118,0,655
2,Germany,10,7,14,31,1928,58,0,655
3,Finland,8,8,9,25,1928,49,0,655
4,Sweden,7,6,12,25,1928,45,0,655
5,Italy,7,5,7,19,1928,38,0,655
6,Switzerland,7,4,4,15,1928,33,0,655
7,France,6,10,5,21,1928,43,0,655
8,Netherlands,6,9,4,19,1928,40,1,655
9,Hungary,4,5,0,9,1928,22,0,655
10,Canada,4,4,7,15,1928,27,0,655
11,Great Britain,3,10,7,20,1928,36,0,655
12,Argentina,3,3,1,7,1928,16,0,655
13,Denmark,3,1,2,6,1928,13,0,655
14,Czechoslovakia,2,5,2,9,1928,18,0,655
15,Japan,2,2,1,5,1928,11,0,655
16,Estonia,2,1,2,5,1928,10,0,655
17,Egypt,2,1,1,4,1928,9,0,655
18,Austria,2,0,1,3,1928,7,0,655
19,Australia,1,2,1,4,1928,8,0,655
19,Norway,1,2,1,4,1928,8,0,655
21,Poland,1,1,3,5,1928,8,0,655
21,Yugoslavia,1,1,3,5,1928,8,0,655
23,South Africa,1,0,2,3,1928,5,0,655
24,India,1,0,0,1,1928,3,0,655
24,Ireland,1,0,0,1,1928,3,0,655
24,New Zealand,1,0,0,1,1928,3,0,655
24,Spain,1,0,0,1,1928,3,0,655
24,Uruguay,1,0,0,1,1928,3,0,655
29,Belgium,0,1,2,3,1928,4,0,655
30,Chile,0,1,0,1,1928,2,0,655
30,Haiti,0,1,0,1,1928,2,0,655
32,Philippines,0,0,1,1,1928,1,0,655
32,Portugal,0,0,1,1,1928,1,0,655
1,United States,44,36,30,110,1932,234,1,745
2,Italy,12,12,12,36,1932,72,0,745
3,France,11,5,4,20,1932,47,0,745
4,Sweden,10,5,9,24,1932,49,0,745
5,Japan,7,7,4,18,1932,39,0,745
6,Hungary,6,5,5,16,1932,33,0,745
7,Germany,5,12,7,24,1932,46,0,745
8,Finland,5,8,12,25,1932,43,0,745
9,Great Britain,5,7,5,17,1932,34,0,745
10,Poland,3,2,4,9,1932,17,0,745
11,Australia,3,1,1,5,1932,12,0,745
12,Argentina,3,1,0,4,1932,11,0,745
13,Canada,2,5,9,16,1932,25,0,745
14,Netherlands,2,5,1,8,1932,17,0,745
15,South Africa,2,0,3,5,1932,9,0,745
16,Ireland,2,0,0,2,1932,6,0,745
17,Czechoslovakia,1,3,2,6,1932,11,0,745
18,Austria,1,1,3,5,1932,8,0,745
19,India,1,0,0,1,1932,3,0,745
20,Denmark,0,5,3,8,1932,13,0,745
21,Mexico,0,2,0,2,1932,4,0,745
22,Latvia,0,1,0,1,1932,2,0,745
22,New Zealand,0,1,0,1,1932,2,0,745
22,Switzerland,0,1,0,1,1932,2,0,745
25,Philippines,0,0,3,3,1932,3,0,745
26,Belgium,0,0,1,1,1932,1,0,745
26,Spain,0,0,1,1,1932,1,0,745
26,Uruguay,0,0,1,1,1932,1,0,745
1,Germany,38,31,32,101,1936,208,1,844
2,United States,24,21,12,57,1936,126,0,844
3,Hungary,10,1,5,16,1936,37,0,844
4,Italy,9,13,5,27,1936,58,0,844
5,Finland,8,6,6,20,1936,42,0,844
6,France,7,6,6,19,1936,39,0,844
7,Sweden,6,5,10,21,1936,38,0,844
8,Japan,6,4,10,20,1936,36,0,844
9,Netherlands,6,4,7,17,1936,33,0,844
10,Austria,5,7,5,17,1936,34,0,844
11,Switzerland,4,9,5,18,1936,35,0,844
12,Great Britain,4,7,3,14,1936,29,0,844
13,Czechoslovakia,3,5,1,9,1936,20,0,844
14,Argentina,2,2,3,7,1936,13,0,844
14,Estonia,2,2,3,7,1936,13,0,844
16,Egypt,2,1,2,5,1936,10,0,844
17,Canada,1,3,5,9,1936,14,0,844
18,Norway,1,3,2,6,1936,11,0,844
19,Turkey,1,0,1,2,1936,4,0,844
20,India,1,0,0,1,1936,3,0,844
20,New Zealand,1,0,0,1,1936,3,0,844
22,Poland,0,4,5,9,1936,13,0,844
23,Denmark,0,2,3,5,1936,7,0,844
24,Latvia,0,1,1,2,1936,3,0,844
25,Romania,0,1,0,1,1936,2,0,844
25,South Africa,0,1,0,1,1936,2,0,844
25,Yugoslavia,0,1,0,1,1936,2,0,844
28,Belgium,0,0,3,3,1936,3,0,844
28,Mexico,0,0,3,3,1936,3,0,844
30,Australia,0,0,1,1,1936,1,0,844
30,Philippines,0,0,1,1,1936,1,0,844
30,Portugal,0,0,1,1,1936,1,0,844
1,United States,38,27,19,84,1948,187,0,822
2,Sweden,16,11,17,44,1948,87,0,822
3,France,10,6,13,29,1948,55,0,822
4,Hungary,10,5,12,27,1948,52,0,822
5,Italy,8,11,8,27,1948,54,0,822
6,Finland,8,7,5,20,1948,43,0,822
7,Turkey,6,4,2,12,1948,28,0,822
8,Czechoslovakia,6,2,3,11,1948,25,0,822
9,Switzerland,5,10,5,20,1948,40,0,822
10,Denmark,5,7,8,20,1948,37,0,822
11,Netherlands,5,2,9,16,1948,28,0,822
12,Great Britain,3,14,6,23,1948,43,1,822
13,Argentina,3,3,1,7,1948,16,0,822
14,Australia,2,6,5,13,1948,23,0,822
15,Belgium,2,2,3,7,1948,13,0,822
16,Egypt,2,2,1,5,1948,11,0,822
17,Mexico,2,1,2,5,1948,10,0,822
18,South Africa,2,1,1,4,1948,9,0,822
19,Norway,1,3,3,7,1948,12,0,822
20,Jamaica,1,2,0,3,1948,7,0,822
21,Austria,1,0,3,4,1948,6,0,822
22,India,1,0,0,1,1948,3,0,822
22,Peru,1,0,0,1,1948,3,0,822
24,Yugoslavia,0,2,0,2,1948,4,0,822
25,Canada,0,1,2,3,1948,4,0,822
26,Portugal,0,1,1,2,1948,3,0,822
26,Uruguay,0,1,1,2,1948,3,0,822
28,Ceylon,0,1,0,1,1948,2,0,822
28,Cuba,0,1,0,1,1948,2,0,822
28,Spain,0,1,0,1,1948,2,0,822
28,Trinidad and Tobago,0,1,0,1,1948,2,0,822
32,Panama,0,0,2,2,1948,2,0,822
32,South Korea,0,0,2,2,1948,2,0,822
34,Brazil,0,0,1,1,1948,1,0,822
34,Iran,0,0,1,1,1948,1,0,822
34,Poland,0,0,1,1,1948,1,0,822
34,Puerto Rico,0,0,1,1,1948,1,0,822
1,United States,40,19,17,76,1952,175,0,909
2,Soviet Union,22,30,19,71,1952,145,0,909
3,Hungary,16,10,16,42,1952,84,0,909
4,Sweden,12,13,10,35,1952,72,0,909
5,Italy,8,9,4,21,1952,46,0,909
6,Czechoslovakia,7,3,3,13,1952,30,0,909
7,France,6,6,6,18,1952,36,0,909
8,Finland,6,3,13,22,1952,37,1,909
9,Australia,6,2,3,11,1952,25,0,909
10,Norway,3,2,0,5,1952,13,0,909
11,Switzerland,2,6,6,14,1952,24,0,909
12,South Africa,2,4,4,10,1952,18,0,909
13,Jamaica,2,3,0,5,1952,12,0,909
14,Belgium,2,2,0,4,1952,10,0,909
15,Denmark,2,1,3,6,1952,11,0,909
16,Turkey,2,0,1,3,1952,7,0,909
17,Japan,1,6,2,9,1952,17,0,909
18,Great Britain,1,2,8,11,1952,15,0,909
19,Argentina,1,2,2,5,1952,9,0,909
20,Poland,1,2,1,4,1952,8,0,909
21,Canada,1,2,0,3,1952,7,0,909
21,Yugoslavia,1,2,0,3,1952,7,0,909
23,Romania,1,1,2,4,1952,7,0,909
24,Brazil,1,0,2,3,1952,5,0,909
24,New Zealand,1,0,2,3,1952,5,0,909
26,India,1,0,1,2,1952,4,0,909
27,Luxembourg,1,0,0,1,1952,3,0,909
28,Germany,0,7,17,24,1952,31,0,909
29,Netherlands,0,5,0,5,1952,10,0,909
30,Iran,0,3,4,7,1952,10,0,909
31,Chile,0,2,0,2,1952,4,0,909
32,Austria,0,1,1,2,1952,3,0,909
32,Lebanon,0,1,1,2,1952,3,0,909
34,Ireland,0,1,0,1,1952,2,0,909
34,Mexico,0,1,0,1,1952,2,0,909
34,Spain,0,1,0,1,1952,2,0,909
37,South Korea,0,0,2,2,1952,2,0,909
37,Trinidad and Tobago,0,0,2,2,1952,2,0,909
37,Uruguay,0,0,2,2,1952,2,0,909
40,Bulgaria,0,0,1,1,1952,1,0,909
40,Egypt,0,0,1,1,1952,1,0,909
40,Portugal,0,0,1,1,1952,1,0,909
40,Venezuela,0,0,1,1,1952,1,0,909
1,Soviet Union,37,29,32,98,1956,201,0,928
2,United States,32,25,17,74,1956,163,0,928
3,Australia,13,8,14,35,1956,69,1,928
4,Hungary,9,10,7,26,1956,54,0,928
5,Italy,8,8,9,25,1956,49,0,928
6,Sweden,8,5,6,19,1956,40,0,928
7,United Team of Germany,6,13,7,26,1956,51,0,928
8,Great Britain,6,7,11,24,1956,43,0,928
9,Romania,5,3,5,13,1956,26,0,928
10,Japan,4,10,5,19,1956,37,0,928
11,France,4,4,6,14,1956,26,0,928
12,Turkey,3,2,2,7,1956,15,0,928
13,Finland,3,1,11,15,1956,22,0,928
14,Iran,2,2,1,5,1956,11,0,928
15,Canada,2,1,3,6,1956,11,0,928
16,New Zealand,2,0,0,2,1956,6,0,928
17,Poland,1,4,4,9,1956,15,0,928
18,Czechoslovakia,1,4,1,6,1956,12,0,928
19,Bulgaria,1,3,1,5,1956,10,0,928
20,Denmark,1,2,1,4,1956,8,0,928
21,Ireland,1,1,3,5,1956,8,0,928
22,Norway,1,0,2,3,1956,5,0,928
23,Mexico,1,0,1,2,1956,4,0,928
24,Brazil,1,0,0,1,1956,3,0,928
24,India,1,0,0,1,1956,3,0,928
26,Yugoslavia,0,3,0,3,1956,6,0,928
27,Chile,0,2,2,4,1956,6,0,928
28,Belgium,0,2,0,2,1956,4,0,928
29,Argentina,0,1,1,2,1956,3,0,928
29,South Korea,0,1,1,2,1956,3,0,928
31,Iceland,0,1,0,1,1956,2,0,928
31,Pakistan,0,1,0,1,1956,2,0,928
33,South Africa,0,0,4,4,1956,4,0,928
34,Austria,0,0,2,2,1956,2,0,928
35,Bahamas,0,0,1,1,1956,1,0,928
35,Greece,0,0,1,1,1956,1,0,928
35,Switzerland,0,0,1,1,1956,1,0,928
35,Uruguay,0,0,1,1,1956,1,0,928
1,Soviet Union,43,29,31,103,1960,218,0,914
2,United States,34,21,16,71,1960,160,0,914
3,Italy,13,10,13,36,1960,72,1,914
4,United Team of Germany,12,19,11,42,1960,85,0,914
5,Australia,8,8,6,22,1960,46,0,914
6,Turkey,7,2,0,9,1960,25,0,914
7,Hungary,6,8,7,21,1960,41,0,914
8,Japan,4,7,7,18,1960,33,0,914
9,Poland,4,6,11,21,1960,35,0,914
10,Czechoslovakia,3,2,3,8,1960,16,0,914
11,Romania,3,1,6,10,1960,17,0,914
12,Great Britain,2,6,12,20,1960,30,0,914
13,Denmark,2,3,1,6,1960,13,0,914
14,New Zealand,2,0,1,3,1960,7,0,914
15,Bulgaria,1,3,3,7,1960,12,0,914
16,Sweden,1,2,3,6,1960,10,0,914
17,Finland,1,1,3,5,1960,8,0,914
18,Austria,1,1,0,2,1960,5,0,914
18,Yugoslavia,1,1,0,2,1960,5,0,914
20,Pakistan,1,0,1,2,1960,4,0,914
21,Ethiopia,1,0,0,1,1960,3,0,914
21,Greece,1,0,0,1,1960,3,0,914
21,Norway,1,0,0,1,1960,3,0,914
24,Switzerland,0,3,3,6,1960,9,0,914
25,France,0,2,3,5,1960,7,0,914
26,Belgium,0,2,2,4,1960,6,0,914
27,Iran,0,1,3,4,1960,5,0,914
28,Netherlands,0,1,2,3,1960,4,0,914
28,South Africa,0,1,2,3,1960,4,0,914
30,Argentina,0,1,1,2,1960,3,0,914
30,Egypt,0,1,1,2,1960,3,0,914
32,Canada,0,1,0,1,1960,2,0,914
32,Formosa,0,1,0,1,1960,2,0,914
32,Ghana,0,1,0,1,1960,2,0,914
32,India,0,1,0,1,1960,2,0,914
32,Morocco,0,1,0,1,1960,2,0,914
32,Portugal,0,1,0,1,1960,2,0,914
32,Singapore,0,1,0,1,1960,2,0,914
39,Brazil,0,0,2,2,1960,2,0,914
39,British West Indies,0,0,2,2,1960,2,0,914
41,Iraq,0,0,1,1,1960,1,0,914
41,Mexico,0,0,1,1,1960,1,0,914
41,Spain,0,0,1,1,1960,1,0,914
41,Venezuela,0,0,1,1,1960,1,0,914
1,United States,36,26,28,90,1964,188,0,997
2,Soviet Union,30,31,35,96,1964,187,0,997
3,Japan,16,5,8,29,1964,66,1,997
4,United Team of Germany,10,22,18,50,1964,92,0,997
5,Italy,10,10,7,27,1964,57,0,997
6,Hungary,10,7,5,22,1964,49,0,997
7,Poland,7,6,10,23,1964,43,0,997
8,Australia,6,2,10,18,1964,32,0,997
9,Czechoslovakia,5,6,3,14,1964,30,0,997
10,Great Britain,4,12,2,18,1964,38,0,997
11,Bulgaria,3,5,2,10,1964,21,0,997
12,Finland,3,0,2,5,1964,11,0,997
12,New Zealand,3,0,2,5,1964,11,0,997
14,Romania,2,4,6,12,1964,20,0,997
15,Netherlands,2,4,4,10,1964,18,0,997
16,Turkey,2,3,1,6,1964,13,0,997
17,Sweden,2,2,4,8,1964,14,0,997
18,Denmark,2,1,3,6,1964,11,0,997
19,Yugoslavia,2,1,2,5,1964,10,0,997
20,Belgium,2,0,1,3,1964,7,0,997
21,France,1,8,6,15,1964,25,0,997
22,Canada,1,2,1,4,1964,8,0,997
22,Switzerland,1,2,1,4,1964,8,0,997
24,Bahamas,1,0,0,1,1964,3,0,997
24,Ethiopia,1,0,0,1,1964,3,0,997
24,India,1,0,0,1,1964,3,0,997
27,South Korea,0,2,1,3,1964,5,0,997
28,Trinidad and Tobago,0,1,2,3,1964,4,0,997
29,Tunisia,0,1,1,2,1964,3,0,997
30,Argentina,0,1,0,1,1964,2,0,997
30,Cuba,0,1,0,1,1964,2,0,997
30,Pakistan,0,1,0,1,1964,2,0,997
30,Philippines,0,1,0,1,1964,2,0,997
34,Iran,0,0,2,2,1964,2,0,997
35,Brazil,0,0,1,1,1964,1,0,997
35,Ghana,0,0,1,1,1964,1,0,997
35,Ireland,0,0,1,1,1964,1,0,997
35,Kenya,0,0,1,1,1964,1,0,997
35,Mexico,0,0,1,1,1964,1,0,997
35,Nigeria,0,0,1,1,1964,1,0,997
35,Uruguay,0,0,1,1,1964,1,0,997
1,United States,45,28,34,107,1968,225,0,1045
2,Soviet Union,29,32,30,91,1968,181,0,1045
3,Japan,11,7,7,25,1968,54,0,1045
4,Hungary,10,10,12,32,1968,62,0,1045
5,East Germany,9,9,7,25,1968,52,0,1045
6,France,7,3,5,15,1968,32,0,1045
7,Czechoslovakia,7,2,4,13,1968,29,0,1045
8,West Germany,5,11,10,26,1968,47,0,1045
9,Australia,5,7,5,17,1968,34,0,1045
10,Great Britain,5,5,3,13,1968,28,0,1045
11,Poland,5,2,11,18,1968,30,0,1045
12,Romania,4,6,5,15,1968,29,0,1045
13,Italy,3,4,9,16,1968,26,0,1045
14,Kenya,3,4,2,9,1968,19,0,1045
15,Mexico,3,3,3,9,1968,18,1,1045
16,Yugoslavia,3,3,2,8,1968,17,0,1045
17,Netherlands,3,3,1,7,1968,16,0,1045
18,Bulgaria,2,4,3,9,1968,17,0,1045
19,Iran,2,1,2,5,1968,10,0,1045
20,Sweden,2,1,1,4,1968,9,0,1045
21,Turkey,2,0,0,2,1968,6,0,1045
22,Denmark,1,4,3,8,1968,14,0,1045
23,Canada,1,3,1,5,1968,10,0,1045
24,Finland,1,2,1,4,1968,8,0,1045
25,Ethiopia,1,1,0,2,1968,5,0,1045
25,Norway,1,1,0,2,1968,5,0,1045
27,New Zealand,1,0,2,3,1968,5,0,1045
28,Tunisia,1,0,1,2,1968,4,0,1045
29,Pakistan,1,0,0,1,1968,3,0,1045
29,Venezuela,1,0,0,1,1968,3,0,1045
31,Cuba,0,4,0,4,1968,8,0,1045
32,Austria,0,2,2,4,1968,6,0,1045
33,Switzerland,0,1,4,5,1968,6,0,1045
34,Mongolia,0,1,3,4,1968,5,0,1045
35,Brazil,0,1,2,3,1968,4,0,1045
36,Belgium,0,1,1,2,1968,3,0,1045
36,South Korea,0,1,1,2,1968,3,0,1045
36,Uganda,0,1,1,2,1968,3,0,1045
39,Cameroon,0,1,0,1,1968,2,0,1045
39,Jamaica,0,1,0,1,1968,2,0,1045
41,Argentina,0,0,2,2,1968,2,0,1045
42,Greece,0,0,1,1,1968,1,0,1045
42,India,0,0,1,1,1968,1,0,1045
42,Taiwan,0,0,1,1,1968,1,0,1045
1,Soviet Union,50,27,22,99,1972,226,0,1185
2,United States,33,31,30,94,1972,191,0,1185
3,East Germany,20,23,23,66,1972,129,0,1185
4,West Germany,13,11,16,40,1972,77,1,1185
5,Japan,13,8,8,29,1972,63,0,1185
6,Australia,8,7,2,17,1972,40,0,1185
7,Poland,7,5,9,21,1972,40,0,1185
8,Hungary,6,13,16,35,1972,60,0,1185
9,Bulgaria,6,10,5,21,1972,43,0,1185
10,Italy,5,3,10,18,1972,31,0,1185
11,Sweden,4,6,6,16,1972,30,0,1185
12,Great Britain,4,5,9,18,1972,31,0,1185
13,Romania,3,6,7,16,1972,28,0,1185
14,Cuba,3,1,4,8,1972,15,0,1185
14,Finland,3,1,4,8,1972,15,0,1185
16,Netherlands,3,1,1,5,1972,12,0,1185
17,France,2,4,7,13,1972,21,0,1185
18,Czechoslovakia,2,4,2,8,1972,16,0,1185
19,Kenya,2,3,4,9,1972,16,0,1185
20,Yugoslavia,2,1,2,5,1972,10,0,1185
21,Norway,2,1,1,4,1972,9,0,1185
22,North Korea,1,1,3,5,1972,8,0,1185
23,New Zealand,1,1,1,3,1972,6,0,1185
24,Uganda,1,1,0,2,1972,5,0,1185
25,Denmark,1,0,0,1,1972,3,0,1185
26,Switzerland,0,3,0,3,1972,6,0,1185
27,Canada,0,2,3,5,1972,7,0,1185
28,Iran,0,2,1,3,1972,5,0,1185
29,Belgium,0,2,0,2,1972,4,0,1185
29,Greece,0,2,0,2,1972,4,0,1185
31,Austria,0,1,2,3,1972,4,0,1185
31,Colombia,0,1,2,3,1972,4,0,1185
33,Argentina,0,1,0,1,1972,2,0,1185
33,Lebanon,0,1,0,1,1972,2,0,1185
33,Mexico,0,1,0,1,1972,2,0,1185
33,Mongolia,0,1,0,1,1972,2,0,1185
33,Pakistan,0,1,0,1,1972,2,0,1185
33,South Korea,0,1,0,1,1972,2,0,1185
33,Tunisia,0,1,0,1,1972,2,0,1185
33,Turkey,0,1,0,1,1972,2,0,1185
41,Brazil,0,0,2,2,1972,2,0,1185
41,Ethiopia,0,0,2,2,1972,2,0,1185
43,Ghana,0,0,1,1,1972,1,0,1185
43,India,0,0,1,1,1972,1,0,1185
43,Jamaica,0,0,1,1,1972,1,0,1185
43,Niger,0,0,1,1,1972,1,0,1185
43,Nigeria,0,0,1,1,1972,1,0,1185
43,Spain,0,0,1,1,1972,1,0,1185
1,Soviet Union,49,41,35,125,1976,264,0,1208
2,East Germany,40,25,25,90,1976,195,0,1208
3,United States,34,35,25,94,1976,197,0,1208
4,West Germany,10,12,17,39,1976,71,0,1208
5,Japan,9,6,10,25,1976,49,0,1208
6,Poland,7,6,13,26,1976,46,0,1208
7,Bulgaria,6,9,7,22,1976,43,0,1208
8,Cuba,6,4,3,13,1976,29,0,1208
9,Romania,4,9,14,27,1976,44,0,1208
10,Hungary,4,5,13,22,1976,35,0,1208
11,Finland,4,2,0,6,1976,16,0,1208
12,Sweden,4,1,0,5,1976,14,0,1208
13,Great Britain,3,5,5,13,1976,24,0,1208
14,Italy,2,7,4,13,1976,24,0,1208
15,France,2,3,4,9,1976,16,0,1208
16,Yugoslavia,2,3,3,8,1976,15,0,1208
17,Czechoslovakia,2,2,4,8,1976,14,0,1208
18,New Zealand,2,1,1,4,1976,9,0,1208
19,South Korea,1,1,4,6,1976,9,0,1208
20,Switzerland,1,1,2,4,1976,7,0,1208
21,Jamaica,1,1,0,2,1976,5,0,1208
21,North Korea,1,1,0,2,1976,5,0,1208
21,Norway,1,1,0,2,1976,5,0,1208
24,Denmark,1,0,2,3,1976,5,0,1208
25,Mexico,1,0,1,2,1976,4,0,1208
26,Trinidad and Tobago,1,0,0,1,1976,3,0,1208
27,Canada,0,5,6,11,1976,16,1,1208
28,Belgium,0,3,3,6,1976,9,0,1208
29,Netherlands,0,2,3,5,1976,7,0,1208
30,Portugal,0,2,0,2,1976,4,0,1208
30,Spain,0,2,0,2,1976,4,0,1208
32,Australia,0,1,4,5,1976,6,0,1208
33,Iran,0,1,1,2,1976,3,0,1208
34,Mongolia,0,1,0,1,1976,2,0,1208
34,Venezuela,0,1,0,1,1976,2,0,1208
36,Brazil,0,0,2,2,1976,2,0,1208
37,Austria,0,0,1,1,1976,1,0,1208
37,Bermuda,0,0,1,1,1976,1,0,1208
37,Pakistan,0,0,1,1,1976,1,0,1208
37,Puerto Rico,0,0,1,1,1976,1,0,1208
37,Thailand,0,0,1,1,1976,1,0,1208
1,Soviet Union,80,69,46,195,1980,424,1,1243
2,East Germany,47,37,42,126,1980,257,0,1243
3,Bulgaria,8,16,17,41,1980,73,0,1243
4,Cuba,8,7,5,20,1980,43,0,1243
5,Italy,8,3,4,15,1980,34,0,1243
6,Hungary,7,10,15,32,1980,56,0,1243
7,Romania,6,6,13,25,1980,43,0,1243
8,France,6,5,3,14,1980,31,0,1243
9,Great Britain,5,7,9,21,1980,38,0,1243
10,Poland,3,14,15,32,1980,52,0,1243
11,Sweden,3,3,6,12,1980,21,0,1243
12,Finland,3,1,4,8,1980,15,0,1243
13,Czechoslovakia,2,3,9,14,1980,21,0,1243
14,Yugoslavia,2,3,4,9,1980,16,0,1243
15,Australia,2,2,5,9,1980,15,0,1243
16,Denmark,2,1,2,5,1980,10,0,1243
17,Brazil,2,0,2,4,1980,8,0,1243
17,Ethiopia,2,0,2,4,1980,8,0,1243
19,Switzerland,2,0,0,2,1980,6,0,1243
20,Spain,1,3,2,6,1980,11,0,1243
21,Austria,1,2,1,4,1980,8,0,1243
22,Greece,1,0,2,3,1980,5,0,1243
23,Belgium,1,0,0,1,1980,3,0,1243
23,India,1,0,0,1,1980,3,0,1243
23,Zimbabwe,1,0,0,1,1980,3,0,1243
26,North Korea,0,3,2,5,1980,8,0,1243
27,Mongolia,0,2,2,4,1980,6,0,1243
28,Tanzania,0,2,0,2,1980,4,0,1243
29,Mexico,0,1,3,4,1980,5,0,1243
30,Netherlands,0,1,2,3,1980,4,0,1243
31,Ireland,0,1,1,2,1980,3,0,1243
32,Uganda,0,1,0,1,1980,2,0,1243
32,Venezuela,0,1,0,1,1980,2,0,1243
34,Jamaica,0,0,3,3,1980,3,0,1243
35,Guyana,0,0,1,1,1980,1,0,1243
35,Lebanon,0,0,1,1,1980,1,0,1243
1,United States,83,61,30,174,1984,401,1,1359
2,Romania,20,16,17,53,1984,109,0,1359
3,West Germany,17,19,23,59,1984,112,0,1359
4,China,15,8,9,32,1984,70,0,1359
5,Italy,14,6,12,32,1984,66,0,1359
6,Canada,10,18,16,44,1984,82,0,1359
7,Japan,10,8,14,32,1984,60,0,1359
8,New Zealand,8,1,2,11,1984,28,0,1359
9,Yugoslavia,7,4,7,18,1984,36,0,1359
10,South Korea,6,6,7,19,1984,37,0,1359
11,Great Britain,5,11,21,37,1984,58,0,1359
12,France,5,7,16,28,1984,45,0,1359
13,Netherlands,5,2,6,13,1984,25,0,1359
14,Australia,4,8,12,24,1984,40,0,1359
15,Finland,4,2,6,12,1984,22,0,1359
16,Sweden,2,11,6,19,1984,34,0,1359
17,Mexico,2,3,1,6,1984,13,0,1359
18,Morocco,2,0,0,2,1984,6,0,1359
19,Brazil,1,5,2,8,1984,15,0,1359
20,Spain,1,2,2,5,1984,9,0,1359
21,Belgium,1,1,2,4,1984,7,0,1359
22,Austria,1,1,1,3,1984,6,0,1359
23,Kenya,1,0,2,3,1984,5,0,1359
23,Portugal,1,0,2,3,1984,5,0,1359
25,Pakistan,1,0,0,1,1984,3,0,1359
26,Switzerland,0,4,4,8,1984,12,0,1359
27,Denmark,0,3,3,6,1984,9,0,1359
28,Jamaica,0,1,2,3,1984,4,0,1359
28,Norway,0,1,2,3,1984,4,0,1359
30,Greece,0,1,1,2,1984,3,0,1359
30,Nigeria,0,1,1,2,1984,3,0,1359
30,Puerto Rico,0,1,1,2,1984,3,0,1359
33,Colombia,0,1,0,1,1984,2,0,1359
33,Egypt,0,1,0,1,1984,2,0,1359
33,Ireland,0,1,0,1,1984,2,0,1359
33,Ivory Coast,0,1,0,1,1984,2,0,1359
33,Peru,0,1,0,1,1984,2,0,1359
33,Syria,0,1,0,1,1984,2,0,1359
33,Thailand,0,1,0,1,1984,2,0,1359
40,Turkey,0,0,3,3,1984,3,0,1359
40,Venezuela,0,0,3,3,1984,3,0,1359
42,Algeria,0,0,2,2,1984,2,0,1359
43,Cameroon,0,0,1,1,1984,1,0,1359
43,Chinese Taipei,0,0,1,1,1984,1,0,1359
43,Dominican Republic,0,0,1,1,1984,1,0,1359
43,Iceland,0,0,1,1,1984,1,0,1359
43,Zambia,0,0,1,1,1984,1,0,1359
1,Soviet Union,55,31,46,132,1988,273,0,1455
2,East Germany,37,35,30,102,1988,211,0,1455
3,United States,36,31,27,94,1988,197,0,1455
4,South Korea,12,10,11,33,1988,67,1,1455
5,West Germany,11,14,15,40,1988,76,0,1455
6,Hungary,11,6,6,23,1988,51,0,1455
7,Bulgaria,10,12,13,35,1988,67,0,1455
8,Romania,7,11,6,24,1988,49,0,1455
9,France,6,4,6,16,1988,32,0,1455
10,Italy,6,4,4,14,1988,30,0,1455
11,China,5,11,12,28,1988,49,0,1455
12,Great Britain,5,10,9,24,1988,44,0,1455
13,Kenya,5,2,2,9,1988,21,0,1455
14,Japan,4,3,7,14,1988,25,0,1455
15,Australia,3,6,5,14,1988,26,0,1455
16,Yugoslavia,3,4,5,12,1988,22,0,1455
17,Czechoslovakia,3,3,2,8,1988,17,0,1455
18,New Zealand,3,2,8,13,1988,21,0,1455
19,Canada,3,2,5,10,1988,18,0,1455
20,Poland,2,5,9,16,1988,25,0,1455
21,Norway,2,3,0,5,1988,12,0,1455
22,Netherlands,2,2,5,9,1988,15,0,1455
23,Denmark,2,1,1,4,1988,9,0,1455
24,Brazil,1,2,3,6,1988,10,0,1455
25,Finland,1,1,2,4,1988,7,0,1455
25,Spain,1,1,2,4,1988,7,0,1455
27,Turkey,1,1,0,2,1988,5,0,1455
28,Morocco,1,0,2,3,1988,5,0,1455
29,Austria,1,0,0,1,1988,3,0,1455
29,Portugal,1,0,0,1,1988,3,0,1455
29,Suriname,1,0,0,1,1988,3,0,1455
32,Sweden,0,4,7,11,1988,15,0,1455
33,Switzerland,0,2,2,4,1988,6,0,1455
34,Jamaica,0,2,0,2,1988,4,0,1455
35,Argentina,0,1,1,2,1988,3,0,1455
36,Chile,0,1,0,1,1988,2,0,1455
36,Costa Rica,0,1,0,1,1988,2,0,1455
36,Indonesia,0,1,0,1,1988,2,0,1455
36,Iran,0,1,0,1,1988,2,0,1455
36,Netherlands Antilles,0,1,0,1,1988,2,0,1455
36,Peru,0,1,0,1,1988,2,0,1455
36,Senegal,0,1,0,1,1988,2,0,1455
36,Virgin Islands,0,1,0,1,1988,2,0,1455
44,Belgium,0,0,2,2,1988,2,0,1455
44,Mexico,0,0,2,2,1988,2,0,1455
46,Colombia,0,0,1,1,1988,1,0,1455
46,Djibouti,0,0,1,1,1988,1,0,1455
46,Greece,0,0,1,1,1988,1,0,1455
46,Mongolia,0,0,1,1,1988,1,0,1455
46,Pakistan,0,0,1,1,1988,1,0,1455
46,Philippines,0,0,1,1,1988,1,0,1455
46,Thailand,0,0,1,1,1988,1,0,1455
1,Unified Team,45,38,29,112,1992,240,0,1592
2,United States,37,34,37,108,1992,216,0,1592
3,Germany,33,21,28,82,1992,169,0,1592
4,China,16,22,16,54,1992,108,0,1592
5,Cuba,14,6,11,31,1992,65,0,1592
6,Spain,13,7,2,22,1992,55,1,1592
7,South Korea,12,5,12,29,1992,58,0,1592
8,Hungary,11,12,7,30,1992,64,0,1592
9,France,8,5,16,29,1992,50,0,1592
10,Australia,7,9,11,27,1992,50,0,1592
11,Canada,7,4,7,18,1992,36,0,1592
12,Italy,6,5,8,19,1992,36,0,1592
13,Great Britain,5,3,12,20,1992,33,0,1592
14,Romania,4,6,8,18,1992,32,0,1592
15,Czechoslovakia,4,2,1,7,1992,17,0,1592
16,North Korea,4,0,5,9,1992,17,0,1592
17,Japan,3,8,11,22,1992,36,0,1592
18,Bulgaria,3,7,6,16,1992,29,0,1592
19,Poland,3,6,10,19,1992,31,0,1592
20,Netherlands,2,6,7,15,1992,25,0,1592
21,Kenya,2,4,2,8,1992,16,0,1592
22,Norway,2,4,1,7,1992,15,0,1592
23,Turkey,2,2,2,6,1992,12,0,1592
24,Indonesia,2,2,1,5,1992,11,0,1592
25,Brazil,2,1,0,3,1992,8,0,1592
26,Greece,2,0,0,2,1992,6,0,1592
27,Sweden,1,7,4,12,1992,21,0,1592
28,New Zealand,1,4,5,10,1992,16,0,1592
29,Finland,1,2,2,5,1992,9,0,1592
30,Denmark,1,1,4,6,1992,9,0,1592
31,Morocco,1,1,1,3,1992,6,0,1592
32,Ireland,1,1,0,2,1992,5,0,1592
33,Ethiopia,1,0,2,3,1992,5,0,1592
34,Algeria,1,0,1,2,1992,4,0,1592
34,Estonia,1,0,1,2,1992,4,0,1592
34,Lithuania,1,0,1,2,1992,4,0,1592
37,Switzerland,1,0,0,1,1992,3,0,1592
38,Jamaica,0,3,1,4,1992,7,0,1592
38,Nigeria,0,3,1,4,1992,7,0,1592
40,Latvia,0,2,1,3,1992,5,0,1592
41,Austria,0,2,0,2,1992,4,0,1592
41,Namibia,0,2,0,2,1992,4,0,1592
41,South Africa,0,2,0,2,1992,4,0,1592
44,Belgium,0,1,2,3,1992,4,0,1592
44,Croatia,0,1,2,3,1992,4,0,1592
44,Independent Olympic Participants,0,1,2,3,1992,4,0,1592
44,Iran,0,1,2,3,1992,4,0,1592
48,Israel,0,1,1,2,1992,3,0,1592
49,Chinese Taipei,0,1,0,1,1992,2,0,1592
49,Mexico,0,1,0,1,1992,2,0,1592
49,Peru,0,1,0,1,1992,2,0,1592
52,Mongolia,0,0,2,2,1992,2,0,1592
52,Slovenia,0,0,2,2,1992,2,0,1592
54,Argentina,0,0,1,1,1992,1,0,1592
54,Bahamas,0,0,1,1,1992,1,0,1592
54,Colombia,0,0,1,1,1992,1,0,1592
54,Ghana,0,0,1,1,1992,1,0,1592
54,Malaysia,0,0,1,1,1992,1,0,1592
54,Pakistan,0,0,1,1,1992,1,0,1592
54,Philippines,0,0,1,1,1992,1,0,1592
54,Puerto Rico,0,0,1,1,1992,1,0,1592
54,Qatar,0,0,1,1,1992,1,0,1592
54,Suriname,0,0,1,1,1992,1,0,1592
54,Thailand,0,0,1,1,1992,1,0,1592
1,United States,44,32,25,101,1996,221,1,1657
2,Russia,26,21,16,63,1996,136,0,1657
3,Germany,20,18,27,65,1996,123,0,1657
4,China,16,22,12,50,1996,104,0,1657
5,France,15,7,15,37,1996,74,0,1657
6,Italy,13,10,12,35,1996,71,0,1657
7,Australia,9,9,23,41,1996,68,0,1657
8,Cuba,9,8,8,25,1996,51,0,1657
9,Ukraine,9,2,12,23,1996,43,0,1657
10,South Korea,7,15,5,27,1996,56,0,1657
11,Poland,7,5,5,17,1996,36,0,1657
12,Hungary,7,4,10,21,1996,39,0,1657
13,Spain,5,6,6,17,1996,33,0,1657
14,Romania,4,7,9,20,1996,35,0,1657
15,Netherlands,4,5,10,19,1996,32,0,1657
16,Greece,4,4,0,8,1996,20,0,1657
17,Czech Republic,4,3,4,11,1996,22,0,1657
18,Switzerland,4,3,0,7,1996,18,0,1657
19,Denmark,4,1,1,6,1996,15,0,1657
19,Turkey,4,1,1,6,1996,15,0,1657
21,Canada,3,11,8,22,1996,39,0,1657
22,Bulgaria,3,7,5,15,1996,28,0,1657
23,Japan,3,6,5,14,1996,26,0,1657
24,Kazakhstan,3,4,4,11,1996,21,0,1657
25,Brazil,3,3,9,15,1996,24,0,1657
26,New Zealand,3,2,1,6,1996,14,0,1657
27,South Africa,3,1,1,5,1996,12,0,1657
28,Ireland,3,0,1,4,1996,10,0,1657
29,Sweden,2,4,2,8,1996,16,0,1657
30,Norway,2,2,3,7,1996,13,0,1657
31,Belgium,2,2,2,6,1996,12,0,1657
32,Nigeria,2,1,3,6,1996,11,0,1657
33,North Korea,2,1,2,5,1996,10,0,1657
34,Algeria,2,0,1,3,1996,7,0,1657
34,Ethiopia,2,0,1,3,1996,7,0,1657
36,Great Britain,1,8,6,15,1996,25,0,1657
37,Belarus,1,6,8,15,1996,23,0,1657
38,Kenya,1,4,3,8,1996,14,0,1657
39,Jamaica,1,3,2,6,1996,11,0,1657
40,Finland,1,2,1,4,1996,8,0,1657
41,FR Yugoslavia,1,1,2,4,1996,7,0,1657
41,Indonesia,1,1,2,4,1996,7,0,1657
43,Iran,1,1,1,3,1996,6,0,1657
43,Slovakia,1,1,1,3,1996,6,0,1657
45,Armenia,1,1,0,2,1996,5,0,1657
45,Croatia,1,1,0,2,1996,5,0,1657
47,Portugal,1,0,1,2,1996,4,0,1657
47,Thailand,1,0,1,2,1996,4,0,1657
49,Burundi,1,0,0,1,1996,3,0,1657
49,Costa Rica,1,0,0,1,1996,3,0,1657
49,Ecuador,1,0,0,1,1996,3,0,1657
49,Hong Kong,1,0,0,1,1996,3,0,1657
49,Syria,1,0,0,1,1996,3,0,1657
54,Argentina,0,2,1,3,1996,5,0,1657
55,Namibia,0,2,0,2,1996,4,0,1657
55,Slovenia,0,2,0,2,1996,4,0,1657
57,Austria,0,1,2,3,1996,4,0,1657
58,Malaysia,0,1,1,2,1996,3,0,1657
58,Moldova,0,1,1,2,1996,3,0,1657
58,Uzbekistan,0,1,1,2,1996,3,0,1657
61,Azerbaijan,0,1,0,1,1996,2,0,1657
61,Bahamas,0,1,0,1,1996,2,0,1657
61,Chinese Taipei,0,1,0,1,1996,2,0,1657
61,Latvia,0,1,0,1,1996,2,0,1657
61,Philippines,0,1,0,1,1996,2,0,1657
61,Tonga,0,1,0,1,1996,2,0,1657
61,Zambia,0,1,0,1,1996,2,0,1657
68,Georgia,0,0,2,2,1996,2,0,1657
68,Morocco,0,0,2,2,1996,2,0,1657
68,Trinidad and Tobago,0,0,2,2,1996,2,0,1657
71,India,0,0,1,1,1996,1,0,1657
71,Israel,0,0,1,1,1996,1,0,1657
71,Lithuania,0,0,1,1,1996,1,0,1657
71,Mexico,0,0,1,1,1996,1,0,1657
71,Mongolia,0,0,1,1,1996,1,0,1657
71,Mozambique,0,0,1,1,1996,1,0,1657
71,Puerto Rico,0,0,1,1,1996,1,0,1657
71,Tunisia,0,0,1,1,1996,1,0,1657
71,Uganda,0,0,1,1,1996,1,0,1657
1,United States,37,24,32,93,2000,191,0,1827
2,Russia,32,28,29,89,2000,181,0,1827
3,China,28,16,14,58,2000,130,0,1827
4,Australia,16,25,17,58,2000,115,1,1827
5,Germany,13,17,26,56,2000,99,0,1827
6,France,13,14,11,38,2000,78,0,1827
7,Italy,13,8,13,34,2000,68,0,1827
8,Netherlands,12,9,4,25,2000,58,0,1827
9,Cuba,11,11,7,29,2000,62,0,1827
10,Great Britain,11,10,7,28,2000,60,0,1827
11,Romania,11,6,9,26,2000,54,0,1827
12,South Korea,8,10,10,28,2000,54,0,1827
13,Hungary,8,6,3,17,2000,39,0,1827
14,Poland,6,5,3,14,2000,31,0,1827
15,Japan,5,8,5,18,2000,36,0,1827
16,Bulgaria,5,6,2,13,2000,29,0,1827
17,Greece,4,6,3,13,2000,27,0,1827
18,Sweden,4,5,3,12,2000,25,0,1827
19,Norway,4,3,3,10,2000,21,0,1827
20,Ethiopia,4,1,3,8,2000,17,0,1827
21,Ukraine,3,10,10,23,2000,39,0,1827
22,Kazakhstan,3,4,0,7,2000,17,0,1827
23,Belarus,3,3,11,17,2000,26,0,1827
24,Canada,3,3,8,14,2000,23,0,1827
25,Spain,3,3,5,11,2000,20,0,1827
26,Turkey,3,0,2,5,2000,11,0,1827
27,Iran,3,0,1,4,2000,10,0,1827
28,Czech Republic,2,3,3,8,2000,15,0,1827
29,Kenya,2,3,2,7,2000,14,0,1827
30,Denmark,2,3,1,6,2000,13,0,1827
31,Finland,2,1,1,4,2000,9,0,1827
32,Austria,2,1,0,3,2000,8,0,1827
33,Lithuania,2,0,3,5,2000,9,0,1827
34,Azerbaijan,2,0,1,3,2000,7,0,1827
34,Bahamas,2,0,1,3,2000,7,0,1827
36,Slovenia,2,0,0,2,2000,6,0,1827
37,Switzerland,1,6,2,9,2000,17,0,1827
38,Indonesia,1,3,2,6,2000,11,0,1827
39,Slovakia,1,3,1,5,2000,10,0,1827
40,Mexico,1,2,3,6,2000,10,0,1827
41,Nigeria,1,2,0,3,2000,7,0,1827
42,Algeria,1,1,3,5,2000,8,0,1827
43,Uzbekistan,1,1,2,4,2000,7,0,1827
44,FR Yugoslavia,1,1,1,3,2000,6,0,1827
44,Latvia,1,1,1,3,2000,6,0,1827
46,New Zealand,1,0,3,4,2000,6,0,1827
47,Estonia,1,0,2,3,2000,5,0,1827
47,Thailand,1,0,2,3,2000,5,0,1827
49,Croatia,1,0,1,2,2000,4,0,1827
50,Cameroon,1,0,0,1,2000,3,0,1827
50,Colombia,1,0,0,1,2000,3,0,1827
50,Mozambique,1,0,0,1,2000,3,0,1827
53,Brazil,0,6,6,12,2000,18,0,1827
54,Jamaica,0,6,3,9,2000,15,0,1827
55,Belgium,0,2,3,5,2000,7,0,1827
55,South Africa,0,2,3,5,2000,7,0,1827
57,Argentina,0,2,2,4,2000,6,0,1827
58,Chinese Taipei,0,1,4,5,2000,6,0,1827
58,Morocco,0,1,4,5,2000,6,0,1827
60,North Korea,0,1,3,4,2000,5,0,1827
61,Moldova,0,1,1,2,2000,3,0,1827
61,Saudi Arabia,0,1,1,2,2000,3,0,1827
61,Trinidad and Tobago,0,1,1,2,2000,3,0,1827
64,Ireland,0,1,0,1,2000,2,0,1827
64,Sri Lanka,0,1,0,1,2000,2,0,1827
64,Uruguay,0,1,0,1,2000,2,0,1827
64,Vietnam,0,1,0,1,2000,2,0,1827
68,Georgia,0,0,6,6,2000,6,0,1827
69,Costa Rica,0,0,2,2,2000,2,0,1827
69,Portugal,0,0,2,2,2000,2,0,1827
71,Armenia,0,0,1,1,2000,1,0,1827
71,Barbados,0,0,1,1,2000,1,0,1827
71,Chile,0,0,1,1,2000,1,0,1827
71,Iceland,0,0,1,1,2000,1,0,1827
71,India,0,0,1,1,2000,1,0,1827
71,Israel,0,0,1,1,2000,1,0,1827
71,Kuwait,0,0,1,1,2000,1,0,1827
71,Kyrgyzstan,0,0,1,1,2000,1,0,1827
71,Macedonia,0,0,1,1,2000,1,0,1827
71,Qatar,0,0,1,1,2000,1,0,1827
1,United States,36,39,26,101,2004,212,0,1828
2,China,32,17,14,63,2004,144,0,1828
3,Russia,28,26,36,90,2004,172,0,1828
4,Australia,17,16,17,50,2004,100,0,1828
5,Japan,16,9,12,37,2004,78,0,1828
6,Germany,13,16,20,49,2004,91,0,1828
7,France,11,9,13,33,2004,64,0,1828
8,Italy,10,11,11,32,2004,63,0,1828
9,South Korea,9,12,9,30,2004,60,0,1828
10,Great Britain,9,9,12,30,2004,57,0,1828
11,Cuba,9,7,11,27,2004,52,0,1828
12,Hungary,8,6,3,17,2004,39,0,1828
13,Ukraine,8,5,9,22,2004,43,0,1828
14,Romania,8,5,6,19,2004,40,0,1828
15,Greece,6,6,4,16,2004,34,1,1828
16,Brazil,5,2,3,10,2004,22,0,1828
17,Norway,5,0,1,6,2004,16,0,1828
18,Netherlands,4,9,9,22,2004,39,0,1828
19,Sweden,4,2,1,7,2004,17,0,1828
20,Spain,3,11,6,20,2004,37,0,1828
21,Canada,3,6,3,12,2004,24,0,1828
22,Turkey,3,3,4,10,2004,19,0,1828
23,Poland,3,2,5,10,2004,18,0,1828
24,New Zealand,3,2,0,5,2004,13,0,1828
25,Thailand,3,1,4,8,2004,15,0,1828
26,Belarus,2,5,6,13,2004,22,0,1828
27,Austria,2,4,1,7,2004,15,0,1828
28,Ethiopia,2,3,2,7,2004,14,0,1828
29,Iran,2,2,2,6,2004,12,0,1828
29,Slovakia,2,2,2,6,2004,12,0,1828
31,Chinese Taipei,2,2,1,5,2004,11,0,1828
32,Georgia,2,2,0,4,2004,10,0,1828
33,Bulgaria,2,1,9,12,2004,17,0,1828
34,Denmark,2,1,5,8,2004,13,0,1828
35,Jamaica,2,1,2,5,2004,10,0,1828
35,Uzbekistan,2,1,2,5,2004,10,0,1828
37,Morocco,2,1,0,3,2004,8,0,1828
38,Argentina,2,0,4,6,2004,10,0,1828
39,Chile,2,0,1,3,2004,7,0,1828
40,Kazakhstan,1,4,3,8,2004,14,0,1828
41,Kenya,1,4,2,7,2004,13,0,1828
42,Czech Republic,1,3,5,9,2004,14,0,1828
43,South Africa,1,3,2,6,2004,11,0,1828
44,Croatia,1,2,2,5,2004,9,0,1828
45,Lithuania,1,2,0,3,2004,7,0,1828
46,Egypt,1,1,3,5,2004,8,0,1828
46,Switzerland,1,1,3,5,2004,8,0,1828
48,Indonesia,1,1,2,4,2004,7,0,1828
49,Zimbabwe,1,1,1,3,2004,6,0,1828
50,Azerbaijan,1,0,4,5,2004,7,0,1828
51,Belgium,1,0,2,3,2004,5,0,1828
52,Bahamas,1,0,1,2,2004,4,0,1828
52,Israel,1,0,1,2,2004,4,0,1828
54,Cameroon,1,0,0,1,2004,3,0,1828
54,Dominican Republic,1,0,0,1,2004,3,0,1828
54,United Arab Emirates,1,0,0,1,2004,3,0,1828
57,North Korea,0,4,1,5,2004,9,0,1828
58,Latvia,0,4,0,4,2004,8,0,1828
59,Mexico,0,3,1,4,2004,7,0,1828
60,Portugal,0,2,1,3,2004,5,0,1828
61,Finland,0,2,0,2,2004,4,0,1828
61,Serbia and Montenegro,0,2,0,2,2004,4,0,1828
63,Slovenia,0,1,3,4,2004,5,0,1828
64,Estonia,0,1,2,3,2004,4,0,1828
65,Hong Kong,0,1,0,1,2004,2,0,1828
65,India,0,1,0,1,2004,2,0,1828
65,Paraguay,0,1,0,1,2004,2,0,1828
68,Colombia,0,0,2,2,2004,2,0,1828
68,Nigeria,0,0,2,2,2004,2,0,1828
68,Venezuela,0,0,2,2,2004,2,0,1828
71,Eritrea,0,0,1,1,2004,1,0,1828
71,Mongolia,0,0,1,1,2004,1,0,1828
71,Syria,0,0,1,1,2004,1,0,1828
71,Trinidad and Tobago,0,0,1,1,2004,1,0,1828
1,China,48,22,30,100,2008,218,1,1865
2,United States,36,39,37,112,2008,223,0,1865
3,Russia,24,13,23,60,2008,121,0,1865
4,Great Britain,19,13,19,51,2008,102,0,1865
5,Germany,16,11,14,41,2008,84,0,1865
6,Australia,14,15,17,46,2008,89,0,1865
7,South Korea,13,11,8,32,2008,69,0,1865
8,Japan,9,8,8,25,2008,51,0,1865
9,Italy,8,9,10,27,2008,52,0,1865
10,France,7,16,20,43,2008,73,0,1865
11,Netherlands,7,5,4,16,2008,35,0,1865
12,Ukraine,7,4,11,22,2008,40,0,1865
13,Kenya,6,4,6,16,2008,32,0,1865
14,Spain,5,11,3,19,2008,40,0,1865
15,Jamaica,5,4,2,11,2008,25,0,1865
16,Poland,4,5,2,11,2008,24,0,1865
17,Ethiopia,4,2,1,7,2008,17,0,1865
18,Romania,4,1,4,9,2008,18,0,1865
19,Cuba,3,10,17,30,2008,46,0,1865
20,Canada,3,9,8,20,2008,35,0,1865
21,Hungary,3,5,2,10,2008,21,0,1865
22,Norway,3,5,1,9,2008,20,0,1865
23,Brazil,3,4,10,17,2008,27,0,1865
24,Belarus,3,4,7,14,2008,24,0,1865
25,Czech Republic,3,3,1,7,2008,16,0,1865
26,Slovakia,3,3,0,6,2008,15,0,1865
27,New Zealand,3,2,4,9,2008,17,0,1865
28,Georgia,3,2,2,7,2008,15,0,1865
29,Kazakhstan,2,3,4,9,2008,16,0,1865
30,Denmark,2,2,3,7,2008,13,0,1865
31,North Korea,2,2,2,6,2008,12,0,1865
31,Thailand,2,2,2,6,2008,12,0,1865
33,Mongolia,2,2,0,4,2008,10,0,1865
34,Switzerland,2,1,4,7,2008,12,0,1865
35,Argentina,2,0,4,6,2008,10,0,1865
36,Mexico,2,0,2,4,2008,8,0,1865
37,Belgium,2,0,0,2,2008,6,0,1865
38,Zimbabwe,1,3,0,4,2008,9,0,1865
39,Slovenia,1,2,2,5,2008,9,0,1865
40,Azerbaijan,1,1,4,6,2008,9,0,1865
40,Indonesia,1,1,4,6,2008,9,0,1865
42,Bulgaria,1,1,3,5,2008,8,0,1865
42,Turkey,1,1,3,5,2008,8,0,1865
44,Chinese Taipei,1,1,2,4,2008,7,0,1865
44,Finland,1,1,2,4,2008,7,0,1865
46,Latvia,1,1,1,3,2008,6,0,1865
47,Dominican Republic,1,1,0,2,2008,5,0,1865
47,Estonia,1,1,0,2,2008,5,0,1865
47,Portugal,1,1,0,2,2008,5,0,1865
47,Trinidad and Tobago,1,1,0,2,2008,5,0,1865
51,India,1,0,2,3,2008,5,0,1865
52,Iran,1,0,1,2,2008,4,0,1865
53,Cameroon,1,0,0,1,2008,3,0,1865
53,Panama,1,0,0,1,2008,3,0,1865
53,Tunisia,1,0,0,1,2008,3,0,1865
56,Sweden,0,4,1,5,2008,9,0,1865
57,Lithuania,0,3,2,5,2008,8,0,1865
57,Nigeria,0,3,2,5,2008,8,0,1865
59,Croatia,0,2,3,5,2008,7,0,1865
60,Colombia,0,2,1,3,2008,5,0,1865
60,Greece,0,2,1,3,2008,5,0,1865
62,Armenia,0,1,4,5,2008,6,0,1865
63,Uzbekistan,0,1,3,4,2008,5,0,1865
64,Austria,0,1,2,3,2008,4,0,1865
64,Ireland,0,1,2,3,2008,4,0,1865
64,Kyrgyzstan,0,1,2,3,2008,4,0,1865
64,Serbia,0,1,2,3,2008,4,0,1865
68,Algeria,0,1,1,2,2008,3,0,1865
68,Bahamas,0,1,1,2,2008,3,0,1865
68,Morocco,0,1,1,2,2008,3,0,1865
68,Tajikistan,0,1,1,2,2008,3,0,1865
72,Chile,0,1,0,1,2008,2,0,1865
72,Ecuador,0,1,0,1,2008,2,0,1865
72,Iceland,0,1,0,1,2008,2,0,1865
72,Malaysia,0,1,0,1,2008,2,0,1865
72,Samoa,0,1,0,1,2008,2,0,1865
72,Singapore,0,1,0,1,2008,2,0,1865
72,South Africa,0,1,0,1,2008,2,0,1865
72,Sudan,0,1,0,1,2008,2,0,1865
72,Vietnam,0,1,0,1,2008,2,0,1865
81,Egypt,0,0,2,2,2008,2,0,1865
82,Afghanistan,0,0,1,1,2008,1,0,1865
82,Israel,0,0,1,1,2008,1,0,1865
82,Mauritius,0,0,1,1,2008,1,0,1865
82,Moldova,0,0,1,1,2008,1,0,1865
82,Togo,0,0,1,1,2008,1,0,1865
82,Venezuela,0,0,1,1,2008,1,0,1865
1,United States,48,26,30,104,2012,226,0,1871
2,China,39,31,22,92,2012,201,0,1871
3,Great Britain,29,18,18,65,2012,141,1,1871
4,Russia,18,21,26,65,2012,122,0,1871
5,South Korea,13,9,9,31,2012,66,0,1871
6,Germany,11,20,13,44,2012,86,0,1871
7,France,11,11,13,35,2012,68,0,1871
8,Australia,8,15,12,35,2012,66,0,1871
9,Italy,8,9,11,28,2012,53,0,1871
10,Hungary,8,4,6,18,2012,38,0,1871
11,Japan,7,14,17,38,2012,66,0,1871
12,Iran,7,5,1,13,2012,32,0,1871
13,Netherlands,6,6,8,20,2012,38,0,1871
14,New Zealand,6,2,5,13,2012,27,0,1871
15,Ukraine,5,4,10,19,2012,33,0,1871
16,Cuba,5,3,7,15,2012,28,0,1871
17,Spain,4,10,6,20,2012,38,0,1871
18,Jamaica,4,5,4,13,2012,26,0,1871
19,Czech Republic,4,4,3,11,2012,23,0,1871
20,South Africa,4,1,1,6,2012,15,0,1871
21,North Korea,4,0,2,6,2012,14,0,1871
22,Brazil,3,5,9,17,2012,28,0,1871
23,Kazakhstan,3,2,6,11,2012,19,0,1871
23,Poland,3,2,6,11,2012,19,0,1871
25,Ethiopia,3,2,3,8,2012,16,0,1871
26,Croatia,3,1,2,6,2012,13,0,1871
27,Canada,2,6,10,18,2012,28,0,1871
28,Belarus,2,5,3,10,2012,19,0,1871
29,Kenya,2,4,7,13,2012,21,0,1871
30,Denmark,2,4,3,9,2012,17,0,1871
31,Romania,2,4,1,7,2012,15,0,1871
32,Azerbaijan,2,2,5,9,2012,15,0,1871
33,Switzerland,2,2,0,4,2012,10,0,1871
34,Norway,2,1,1,4,2012,9,0,1871
35,Lithuania,2,0,3,5,2012,9,0,1871
36,Tunisia,2,0,1,3,2012,7,0,1871
37,Sweden,1,4,3,8,2012,14,0,1871
38,Colombia,1,3,5,9,2012,14,0,1871
39,Mexico,1,3,4,8,2012,13,0,1871
40,Georgia,1,2,3,6,2012,10,0,1871
41,Ireland,1,1,4,6,2012,9,0,1871
42,Argentina,1,1,2,4,2012,7,0,1871
42,Serbia,1,1,2,4,2012,7,0,1871
42,Slovenia,1,1,2,4,2012,7,0,1871
42,Trinidad and Tobago,1,1,2,4,2012,7,0,1871
46,Turkey,1,1,1,3,2012,6,0,1871
47,Dominican Republic,1,1,0,2,2012,5,0,1871
48,Chinese Taipei,1,0,1,2,2012,4,0,1871
48,Latvia,1,0,1,2,2012,4,0,1871
50,Algeria,1,0,0,1,2012,3,0,1871
50,Bahamas,1,0,0,1,2012,3,0,1871
50,Bahrain,1,0,0,1,2012,3,0,1871
50,Grenada,1,0,0,1,2012,3,0,1871
50,Uganda,1,0,0,1,2012,3,0,1871
50,Venezuela,1,0,0,1,2012,3,0,1871
56,Egypt,0,3,1,4,2012,7,0,1871
57,India,0,2,4,6,2012,8,0,1871
58,Mongolia,0,2,3,5,2012,7,0,1871
59,Thailand,0,2,2,4,2012,6,0,1871
60,Bulgaria,0,2,1,3,2012,5,0,1871
60,Finland,0,2,1,3,2012,5,0,1871
60,Indonesia,0,2,1,3,2012,5,0,1871
63,Slovakia,0,1,3,4,2012,5,0,1871
64,Belgium,0,1,2,3,2012,4,0,1871
65,Armenia,0,1,1,2,2012,3,0,1871
65,Estonia,0,1,1,2,2012,3,0,1871
65,Malaysia,0,1,1,2,2012,3,0,1871
65,Puerto Rico,0,1,1,2,2012,3,0,1871
65,Qatar,0,1,1,2,2012,3,0,1871
70,Botswana,0,1,0,1,2012,2,0,1871
70,Cyprus,0,1,0,1,2012,2,0,1871
70,Gabon,0,1,0,1,2012,2,0,1871
70,Guatemala,0,1,0,1,2012,2,0,1871
70,Montenegro,0,1,0,1,2012,2,0,1871
70,Portugal,0,1,0,1,2012,2,0,1871
76,Uzbekistan,0,0,3,3,2012,3,0,1871
77,Greece,0,0,2,2,2012,2,0,1871
77,Singapore,0,0,2,2,2012,2,0,1871
79,Afghanistan,0,0,1,1,2012,1,0,1871
79,Cameroon,0,0,1,1,2012,1,0,1871
79,Hong Kong,0,0,1,1,2012,1,0,1871
79,Kuwait,0,0,1,1,2012,1,0,1871
79,Morocco,0,0,1,1,2012,1,0,1871
79,Saudi Arabia,0,0,1,1,2012,1,0,1871
79,Tajikistan,0,0,1,1,2012,1,0,1871
79,Vietnam,0,0,1,1,2012,1,0,1871
1,United States,46,37,38,121,2016,250,0,1891
2,Great Britain,27,23,17,67,2016,144,0,1891
3,China,26,18,26,70,2016,140,0,1891
4,Russia,19,17,20,56,2016,111,0,1891
5,Germany,17,10,15,42,2016,86,0,1891
6,Japan,12,8,21,41,2016,73,0,1891
7,France,10,18,14,42,2016,80,0,1891
8,South Korea,9,3,9,21,2016,42,0,1891
9,Italy,8,12,8,28,2016,56,0,1891
10,Australia,8,11,10,29,2016,56,0,1891
11,Netherlands,8,7,4,19,2016,42,0,1891
12,Hungary,8,3,4,15,2016,34,0,1891
13,Brazil,7,6,6,19,2016,39,1,1891
14,Spain,7,4,6,17,2016,35,0,1891
15,Kenya,6,6,1,13,2016,31,0,1891
16,Jamaica,6,3,2,11,2016,26,0,1891
17,Croatia,5,3,2,10,2016,23,0,1891
18,Cuba,5,2,4,11,2016,23,0,1891
19,New Zealand,4,9,5,18,2016,35,0,1891
20,Canada,4,3,15,22,2016,33,0,1891
21,Uzbekistan,4,2,7,13,2016,23,0,1891
22,Colombia,3,2,3,8,2016,16,0,1891
23,Switzerland,3,2,2,7,2016,15,0,1891
24,Iran,3,1,4,8,2016,15,0,1891
25,Greece,3,1,2,6,2016,13,0,1891
26,Argentina,3,1,0,4,2016,11,0,1891
27,Denmark,2,6,7,15,2016,25,0,1891
28,Sweden,2,6,3,11,2016,21,0,1891
29,South Africa,2,6,2,10,2016,20,0,1891
30,Kazakhstan,2,5,10,17,2016,26,0,1891
31,Ukraine,2,5,4,11,2016,20,0,1891
32,Serbia,2,4,2,8,2016,16,0,1891
33,Poland,2,3,6,11,2016,18,0,1891
34,North Korea,2,3,2,7,2016,14,0,1891
35,Belgium,2,2,2,6,2016,12,0,1891
35,Thailand,2,2,2,6,2016,12,0,1891
37,Slovakia,2,2,0,4,2016,10,0,1891
38,Georgia,2,1,4,7,2016,12,0,1891
39,Azerbaijan,1,7,10,18,2016,27,0,1891
40,Belarus,1,4,4,9,2016,15,0,1891
41,Turkey,1,3,4,8,2016,13,0,1891
42,Armenia,1,3,0,4,2016,9,0,1891
43,Czech Republic,1,2,7,10,2016,14,0,1891
44,Ethiopia,1,2,5,8,2016,12,0,1891
45,Slovenia,1,2,1,4,2016,8,0,1891
46,Indonesia,1,2,0,3,2016,7,0,1891
47,Romania,1,1,2,4,2016,7,0,1891
48,Bahrain,1,1,0,2,2016,5,0,1891
48,Vietnam,1,1,0,2,2016,5,0,1891
50,Chinese Taipei,1,0,2,3,2016,5,0,1891
51,Bahamas,1,0,1,2,2016,4,0,1891
51,Independent Olympic Athletes,1,0,1,2,2016,4,0,1891
51,Ivory Coast,1,0,1,2,2016,4,0,1891
54,Fiji,1,0,0,1,2016,3,0,1891
54,Jordan,1,0,0,1,2016,3,0,1891
54,Kosovo,1,0,0,1,2016,3,0,1891
54,Puerto Rico,1,0,0,1,2016,3,0,1891
54,Singapore,1,0,0,1,2016,3,0,1891
54,Tajikistan,1,0,0,1,2016,3,0,1891
60,Malaysia,0,4,1,5,2016,9,0,1891
61,Mexico,0,3,2,5,2016,8,0,1891
62,Venezuela,0,2,1,3,2016,5,0,1891
63,Algeria,0,2,0,2,2016,4,0,1891
63,Ireland,0,2,0,2,2016,4,0,1891
65,Lithuania,0,1,3,4,2016,5,0,1891
66,Bulgaria,0,1,2,3,2016,4,0,1891
67,India,0,1,1,2,2016,3,0,1891
67,Mongolia,0,1,1,2,2016,3,0,1891
69,Burundi,0,1,0,1,2016,2,0,1891
69,Grenada,0,1,0,1,2016,2,0,1891
69,Niger,0,1,0,1,2016,2,0,1891
69,Philippines,0,1,0,1,2016,2,0,1891
69,Qatar,0,1,0,1,2016,2,0,1891
74,Norway,0,0,4,4,2016,4,0,1891
75,Egypt,0,0,3,3,2016,3,0,1891
75,Tunisia,0,0,3,3,2016,3,0,1891
77,Israel,0,0,2,2,2016,2,0,1891
78,Austria,0,0,1,1,2016,1,0,1891
78,Dominican Republic,0,0,1,1,2016,1,0,1891
78,Estonia,0,0,1,1,2016,1,0,1891
78,Finland,0,0,1,1,2016,1,0,1891
78,Morocco,0,0,1,1,2016,1,0,1891
78,Nigeria,0,0,1,1,2016,1,0,1891
78,Portugal,0,0,1,1,2016,1,0,1891
78,Trinidad and Tobago,0,0,1,1,2016,1,0,1891
78,United Arab Emirates,0,0,1,1,2016,1,0,1891
1,United States,39,41,33,113,2020,232,0,2098
2,China,38,32,19,89,2020,197,0,2098
3,Japan,27,14,17,58,2020,126,1,2098
4,Great Britain,22,20,22,64,2020,128,0,2098
5,ROC,20,28,23,71,2020,139,0,2098
6,Australia,17,7,22,46,2020,87,0,2098
7,Netherlands,10,12,14,36,2020,68,0,2098
8,France,10,12,11,33,2020,65,0,2098
9,Germany,10,11,16,37,2020,68,0,2098
10,Italy,10,10,20,40,2020,70,0,2098
11,Canada,7,7,10,24,2020,45,0,2098
12,Brazil,7,6,8,21,2020,41,0,2098
13,New Zealand,7,6,7,20,2020,40,0,2098
14,Cuba,7,3,5,15,2020,32,0,2098
15,Hungary,6,7,7,20,2020,39,0,2098
16,South Korea,6,4,10,20,2020,36,0,2098
17,Poland,4,5,5,14,2020,27,0,2098
18,Czech Republic,4,4,3,11,2020,23,0,2098
19,Kenya,4,4,2,10,2020,22,0,2098
20,Norway,4,2,2,8,2020,18,0,2098
21,Jamaica,4,1,4,9,2020,18,0,2098
22,Spain,3,8,6,17,2020,31,0,2098
23,Sweden,3,6,0,9,2020,21,0,2098
24,Switzerland,3,4,6,13,2020,23,0,2098
25,Denmark,3,4,4,11,2020,21,0,2098
26,Croatia,3,3,2,8,2020,17,0,2098
27,Iran,3,2,2,7,2020,15,0,2098
28,Serbia,3,1,5,9,2020,16,0,2098
29,Belgium,3,1,3,7,2020,14,0,2098
30,Bulgaria,3,1,2,6,2020,13,0,2098
31,Slovenia,3,1,1,5,2020,12,0,2098
32,Uzbekistan,3,0,2,5,2020,11,0,2098
33,Georgia,2,5,1,8,2020,17,0,2098
34,Chinese Taipei,2,4,6,12,2020,20,0,2098
35,Turkey,2,2,9,13,2020,19,0,2098
36,Greece,2,1,1,4,2020,9,0,2098
36,Uganda,2,1,1,4,2020,9,0,2098
38,Ecuador,2,1,0,3,2020,8,0,2098
39,Ireland,2,0,2,4,2020,8,0,2098
39,Israel,2,0,2,4,2020,8,0,2098
41,Qatar,2,0,1,3,2020,7,0,2098
42,Bahamas,2,0,0,2,2020,6,0,2098
42,Kosovo,2,0,0,2,2020,6,0,2098
44,Ukraine,1,6,12,19,2020,27,0,2098
45,Belarus,1,3,3,7,2020,12,0,2098
46,Romania,1,3,0,4,2020,9,0,2098
46,Venezuela,1,3,0,4,2020,9,0,2098
48,India,1,2,4,7,2020,11,0,2098
49,Hong Kong,1,2,3,6,2020,10,0,2098
50,Philippines,1,2,1,4,2020,8,0,2098
50,Slovakia,1,2,1,4,2020,8,0,2098
52,South Africa,1,2,0,3,2020,7,0,2098
53,Austria,1,1,5,7,2020,10,0,2098
54,Egypt,1,1,4,6,2020,9,0,2098
55,Indonesia,1,1,3,5,2020,8,0,2098
56,Ethiopia,1,1,2,4,2020,7,0,2098
56,Portugal,1,1,2,4,2020,7,0,2098
58,Tunisia,1,1,0,2,2020,5,0,2098
59,Estonia,1,0,1,2,2020,4,0,2098
59,Fiji,1,0,1,2,2020,4,0,2098
59,Latvia,1,0,1,2,2020,4,0,2098
59,Thailand,1,0,1,2,2020,4,0,2098
63,Bermuda,1,0,0,1,2020,3,0,2098
63,Morocco,1,0,0,1,2020,3,0,2098
63,Puerto Rico,1,0,0,1,2020,3,0,2098
66,Colombia,0,4,1,5,2020,9,0,2098
67,Azerbaijan,0,3,4,7,2020,10,0,2098
68,Dominican Republic,0,3,2,5,2020,8,0,2098
69,Armenia,0,2,2,4,2020,6,0,2098
70,Kyrgyzstan,0,2,1,3,2020,5,0,2098
71,Mongolia,0,1,3,4,2020,5,0,2098
72,Argentina,0,1,2,3,2020,4,0,2098
72,San Marino,0,1,2,3,2020,4,0,2098
74,Jordan,0,1,1,2,2020,3,0,2098
74,Malaysia,0,1,1,2,2020,3,0,2098
74,Nigeria,0,1,1,2,2020,3,0,2098
77,Bahrain,0,1,0,1,2020,2,0,2098
77,Lithuania,0,1,0,1,2020,2,0,2098
77,Namibia,0,1,0,1,2020,2,0,2098
77,North Macedonia,0,1,0,1,2020,2,0,2098
77,Saudi Arabia,0,1,0,1,2020,2,0,2098
77,Turkmenistan,0,1,0,1,2020,2,0,2098
83,Kazakhstan,0,0,8,8,2020,8,0,2098
84,Mexico,0,0,4,4,2020,4,0,2098
85,Finland,0,0,2,2,2020,2,0,2098
86,Botswana,0,0,1,1,2020,1,0,2098
86,Burkina Faso,0,0,1,1,2020,1,0,2098
86,Ghana,0,0,1,1,2020,1,0,2098
86,Grenada,0,0,1,1,2020,1,0,2098
86,Ivory Coast,0,0,1,1,2020,1,0,2098
86,Kuwait,0,0,1,1,2020,1,0,2098
86,Moldova,0,0,1,1,2020,1,0,2098
86,Syria,0,0,1,1,2020,1,0,2098
1,United States,40,44,42,126,2024,250,0,2022
2,China,40,27,24,91,2024,198,0,2022
3,Japan,20,12,13,45,2024,97,0,2022
4,Australia,18,19,16,53,2024,108,0,2022
5,France,16,26,22,64,2024,122,1,2022
6,Netherlands,15,7,12,34,2024,71,0,2022
7,Great Britain,14,22,29,65,2024,115,0,2022
8,South Korea,13,9,10,32,2024,67,0,2022
9,Italy,12,13,15,40,2024,77,0,2022
10,Germany,12,13,8,33,2024,70,0,2022
11,New Zealand,10,7,3,20,2024,47,0,2022
12,Canada,9,7,11,27,2024,52,0,2022
13,Uzbekistan,8,2,3,13,2024,31,0,2022
14,Hungary,6,7,6,19,2024,38,0,2022
15,Spain,5,4,9,18,2024,32,0,2022
16,Sweden,4,4,3,11,2024,23,0,2022
17,Kenya,4,2,5,11,2024,21,0,2022
18,Norway,4,1,3,8,2024,17,0,2022
19,Ireland,4,0,3,7,2024,15,0,2022
20,Brazil,3,7,10,20,2024,33,0,2022
21,Iran,3,6,3,12,2024,24,0,2022
22,Ukraine,3,5,4,12,2024,23,0,2022
23,Romania,3,4,2,9,2024,19,0,2022
24,Georgia,3,3,1,7,2024,16,0,2022
25,Belgium,3,1,6,10,2024,17,0,2022
26,Bulgaria,3,1,3,7,2024,14,0,2022
27,Serbia,3,1,1,5,2024,12,0,2022
28,Czech Republic,3,0,2,5,2024,11,0,2022
29,Denmark,2,2,5,9,2024,15,0,2022
30,Azerbaijan,2,2,3,7,2024,13,0,2022
30,Croatia,2,2,3,7,2024,13,0,2022
32,Cuba,2,1,6,9,2024,14,0,2022
33,Bahrain,2,1,1,4,2024,9,0,2022
34,Slovenia,2,1,0,3,2024,8,0,2022
35,Chinese Taipei,2,0,5,7,2024,11,0,2022
36,Austria,2,0,3,5,2024,9,0,2022
37,Hong Kong,2,0,2,4,2024,8,0,2022
37,Philippines,2,0,2,4,2024,8,0,2022
39,Algeria,2,0,1,3,2024,7,0,2022
39,Indonesia,2,0,1,3,2024,7,0,2022
41,Israel,1,5,1,7,2024,14,0,2022
42,Poland,1,4,5,10,2024,16,0,2022
43,Kazakhstan,1,3,3,7,2024,12,0,2022
44,Jamaica,1,3,2,6,2024,11,0,2022
44,South Africa,1,3,2,6,2024,11,0,2022
44,Thailand,1,3,2,6,2024,11,0,2022
47,Ethiopia,1,3,0,4,2024,9,0,2022
48,Switzerland,1,2,5,8,2024,12,0,2022
49,Ecuador,1,2,2,5,2024,9,0,2022
50,Portugal,1,2,1,4,2024,8,0,2022
51,Greece,1,1,6,8,2024,11,0,2022
52,Argentina,1,1,1,3,2024,6,0,2022
52,Egypt,1,1,1,3,2024,6,0,2022
52,Tunisia,1,1,1,3,2024,6,0,2022
55,Botswana,1,1,0,2,2024,5,0,2022
55,Chile,1,1,0,2,2024,5,0,2022
55,Saint Lucia,1,1,0,2,2024,5,0,2022
55,Uganda,1,1,0,2,2024,5,0,2022
59,Dominican Republic,1,0,2,3,2024,5,0,2022
60,Guatemala,1,0,1,2,2024,4,0,2022
60,Morocco,1,0,1,2,2024,4,0,2022
62,Dominica,1,0,0,1,2024,3,0,2022
62,Pakistan,1,0,0,1,2024,3,0,2022
64,Turkey,0,3,5,8,2024,11,0,2022
65,Mexico,0,3,2,5,2024,8,0,2022
66,Armenia,0,3,1,4,2024,7,0,2022
66,Colombia,0,3,1,4,2024,7,0,2022
68,Kyrgyzstan,0,2,4,6,2024,8,0,2022
68,North Korea,0,2,4,6,2024,8,0,2022
70,Lithuania,0,2,2,4,2024,6,0,2022
71,India,0,1,5,6,2024,7,0,2022
72,Moldova,0,1,3,4,2024,5,0,2022
73,Kosovo,0,1,1,2,2024,3,0,2022
74,Cyprus,0,1,0,1,2024,2,0,2022
74,Fiji,0,1,0,1,2024,2,0,2022
74,Jordan,0,1,0,1,2024,2,0,2022
74,Mongolia,0,1,0,1,2024,2,0,2022
74,Panama,0,1,0,1,2024,2,0,2022
79,Tajikistan,0,0,3,3,2024,3,0,2022
80,Albania,0,0,2,2,2024,2,0,2022
80,Grenada,0,0,2,2,2024,2,0,2022
80,Malaysia,0,0,2,2,2024,2,0,2022
80,Puerto Rico,0,0,2,2,2024,2,0,2022
84,Cabo Verde,0,0,1,1,2024,1,0,2022
84,Ivory Coast,0,0,1,1,2024,1,0,2022
84,Peru,0,0,1,1,2024,1,0,2022
84,Qatar,0,0,1,1,2024,1,0,2022
84,Refugee Olympic Team,0,0,1,1,2024,1,0,2022
84,Singapore,0,0,1,1,2024,1,0,2022
84,Slovakia,0,0,1,1,2024,1,0,2022
84,Zambia,0,0,1,1,2024,1,0,2022
